"Object Designation","Removed (UTC)"
"2017 YS3","2018-01-01 15:47:14"
"2017 YP5","2017-12-31 15:49:56"
"2017 WC15","2017-12-23 15:53:03"
"2016 EG86","2017-12-22 15:51:46"
"2017 XC2","2017-12-19 16:48:41"
"2017 XM1","2017-12-13 16:41:38"
"2017 WJ13","2017-12-09 15:50:09"
"2017 WX14","2017-12-09 15:49:06"
"2017 VT14","2017-12-07 16:22:32"
"2017 RU2","2017-12-07 15:53:35"
"2017 TP2","2017-11-25 15:47:59"
"2017 WO","2017-11-19 19:47:46"
"2017 VT","2017-11-19 15:48:04"
"2017 VR12","2017-11-18 16:10:05"
"2017 VN2","2017-11-15 17:45:14"
"2017 PL26","2017-11-15 15:56:36"
"2017 VV","2017-11-11 15:55:01"
"2017 UZ7","2017-11-08 15:49:14"
"2017 UR4","2017-10-27 15:32:49"
"2017 TD6","2017-10-21 15:06:51"
"2017 UL1","2017-10-21 14:47:51"
"2017 SE19","2017-10-19 14:50:11"
"2017 FR102","2017-10-18 14:55:13"
"2017 TS3","2017-10-17 15:28:10"
"2012 TC4","2017-10-16 17:39:28"
"2017 OD69","2017-10-08 00:49:13"
"2017 SV20","2017-10-04 14:56:27"
"2013 TX68","2017-10-03 19:50:36"
"2017 SH14","2017-10-02 15:03:44"
"2017 MB1","2017-10-02 14:58:59"
"2017 SN14","2017-10-01 15:56:41"
"2017 SM14","2017-10-01 15:40:20"
"2017 SG14","2017-09-29 15:40:20"
"2017 SE12","2017-09-26 15:05:43"
"2016 FW3","2017-09-23 14:03:15"
"2017 RX2","2017-09-20 16:33:52"
"2017 RO2","2017-09-18 15:00:26"
"2017 RL","2017-09-13 14:51:14"
"2017 PV26","2017-08-31 14:47:44"
"2015 MC131","2017-08-26 14:54:47"
"2017 MB9","2017-08-25 14:49:16"
"2017 QD3","2017-08-22 15:04:30"
"2017 OP19","2017-08-11 14:48:00"
"2016 BP14","2017-08-10 16:10:43"
"2017 NR6","2017-07-24 15:01:46"
"2017 MZ3","2017-07-18 15:00:09"
"2017 MF7","2017-07-16 14:50:17"
"2017 MY3","2017-07-03 14:47:21"
"2017 LU","2017-06-26 15:47:39"
"2015 YC1","2017-06-23 02:04:09"
"2017 AF21","2017-06-21 14:50:32"
"2017 FZ2","2017-06-20 21:05:37"
"2017 LO1","2017-06-20 15:04:13"
"1991 VG","2017-06-01 19:35:11"
"2017 JG3","2017-05-21 14:48:01"
"2017 JX1","2017-05-10 14:49:15"
"2012 XB112","2017-05-08 21:12:41"
"2017 HT2","2017-05-03 14:49:32"
"2017 GM6","2017-05-02 15:04:16"
"2017 FO128","2017-05-02 14:54:17"
"2017 FC3","2017-04-26 15:21:27"
"2017 GM7","2017-04-25 14:58:16"
"2017 FN128","2017-04-22 15:50:21"
"2017 FO63","2017-04-22 15:09:15"
"2017 GP6","2017-04-21 15:46:25"
"2017 FL64","2017-04-20 21:22:15"
"2014 GC49","2017-04-20 16:12:25"
"2011 SR52","2017-04-17 05:46:36"
"2017 FD157","2017-04-16 15:33:00"
"2010 VQ139","2017-04-14 22:56:43"
"2017 FM128","2017-04-14 15:28:20"
"2017 GU5","2017-04-14 15:27:27"
"2015 PL57","2017-04-14 04:29:47"
"2012 XK134","2017-04-13 03:16:07"
"2013 XT23","2017-04-13 03:09:36"
"2014 OO6","2017-04-13 03:07:03"
"2012 VZ19","2017-04-12 23:29:51"
"2011 EC","2017-04-11 23:15:24"
"2012 SG58","2017-04-11 20:27:26"
"2012 EZ1","2017-04-11 19:08:02"
"2012 HE31","2017-04-11 07:48:31"
"2016 FX13","2017-04-11 06:39:26"
"2001 UO","2017-04-11 04:57:27"
"2007 TC14","2017-04-11 04:45:15"
"2016 WN1","2017-04-11 03:56:07"
"2008 GF1","2017-04-10 23:09:22"
"2003 XK","2017-04-10 21:12:54"
"2010 DG1","2017-04-10 19:09:57"
"2014 HO197","2017-04-10 16:15:32"
"2010 DJ77","2017-04-10 13:36:07"
"2013 UO5","2017-04-10 13:22:18"
"2012 QV17","2017-04-10 13:12:21"
"2001 VM5","2017-04-10 07:58:50"
"2010 LV108","2017-04-10 05:01:58"
"2008 OO8","2017-04-10 03:52:55"
"2017 EA23","2017-04-09 21:18:25"
"2014 MR67","2017-04-09 20:55:56"
"2015 JC1","2017-04-09 08:34:06"
"2002 GM5","2017-04-09 04:41:29"
"2016 PO66","2017-04-09 03:00:01"
"2014 HH196","2017-04-09 02:59:38"
"2014 MG68","2017-04-09 00:09:37"
"2008 UV99","2017-04-08 21:40:57"
"2012 HB25","2017-04-08 17:33:16"
"2010 LF64","2017-04-08 15:47:15"
"2016 BE","2017-04-07 23:11:12"
"2005 GV190","2017-04-07 19:08:18"
"2012 UU68","2017-04-07 14:56:40"
"2016 JT38","2017-04-06 18:26:23"
"2017 AY20","2017-04-06 17:04:08"
"2017 FW128","2017-04-05 15:39:56"
"2016 WQ1","2017-04-04 22:54:09"
"2017 GM","2017-04-04 13:07:35"
"2017 FS102","2017-04-03 16:11:40"
"2017 FV","2017-04-03 15:18:12"
"2017 FT102","2017-04-01 17:06:22"
"2017 FE101","2017-04-01 16:05:05"
"2017 FU64","2017-03-30 15:07:55"
"2017 FX90","2017-03-28 16:02:10"
"2017 FA3","2017-03-27 17:59:25"
"2017 ET2","2017-03-26 15:04:35"
"2017 FE1","2017-03-25 16:10:02"
"2017 FG3","2017-03-23 15:17:07"
"2017 EQ13","2017-03-18 15:05:44"
"2017 BD6","2017-03-14 15:03:45"
"2017 EJ1","2017-03-10 16:07:02"
"2017 DQ36","2017-03-05 16:09:14"
"2017 BL30","2017-03-02 16:13:06"
"2016 TB57","2017-02-26 16:11:14"
"2017 CA33","2017-02-25 17:02:07"
"2017 BO32","2017-02-25 16:09:21"
"2012 AP10","2017-02-24 04:23:22"
"2017 BE136","2017-02-21 18:04:40"
"2017 BY93","2017-02-19 16:15:24"
"2017 CM32","2017-02-18 16:05:28"
"2017 CH1","2017-02-15 16:06:51"
"2014 NZ64","2017-02-07 16:14:09"
"2016 AY193","2017-02-07 16:02:24"
"2017 CS","2017-02-06 17:00:26"
"2017 BV32","2017-02-05 17:54:33"
"2017 BF30","2017-02-05 17:04:06"
"2017 BW30","2017-02-04 16:08:33"
"2017 BH30","2017-01-30 06:05:32"
"2017 AP4","2017-01-28 18:06:17"
"2005 VL1","2017-01-28 03:51:00"
"2017 BL3","2017-01-27 16:13:20"
"2017 BS5","2017-01-27 16:09:26"
"2017 AK3","2017-01-27 16:09:16"
"2016 VC18","2017-01-23 16:05:28"
"2016 SJ35","2017-01-23 15:00:43"
"2017 AM4","2017-01-23 14:59:36"
"2016 YJ4","2017-01-07 16:00:45"
"2016 YY","2017-01-05 18:00:20"
"2016 YM4","2017-01-05 18:00:14"
"2016 YD8","2017-01-03 16:00:23"
"2016 YP","2016-12-25 16:01:47"
"2016 UF101","2016-12-23 15:59:47"
"2016 XZ20","2016-12-20 16:51:34"
"2016 XA2","2016-12-20 16:04:22"
"2016 WF9","2016-12-20 16:00:11"
"2016 XM23","2016-12-19 16:01:00"
"2016 WJ1","2016-12-16 18:37:59"
"2016 XC18","2016-12-15 16:01:54"
"2016 XK18","2016-12-10 16:47:38"
"2016 WQ48","2016-12-10 15:59:31"
"2016 XX17","2016-12-09 21:58:02"
"2016 XJ18","2016-12-09 16:12:31"
"2016 XW17","2016-12-09 16:12:07"
"2016 WX8","2016-12-09 16:10:30"
"2016 TF94","2016-12-06 18:57:39"
"2016 WG10","2016-12-06 16:01:12"
"2016 WJ8","2016-12-06 16:00:32"
"2016 WW9","2016-12-03 16:02:05"
"2016 WA2","2016-11-29 17:02:12"
"2016 WM1","2016-11-27 16:02:53"
"2016 VV3","2016-11-24 16:00:20"
"2016 VS5","2016-11-23 16:00:30"
"2016 VG2","2016-11-12 16:02:05"
"2016 TT92","2016-11-09 16:00:37"
"2016 UQ36","2016-11-04 15:03:04"
"2016 UZ25","2016-10-27 15:52:51"
"2016 UT4","2016-10-22 16:49:03"
"2016 TJ55","2016-10-22 16:04:49"
"2016 TB18","2016-10-21 15:02:18"
"2016 TV10","2016-10-08 15:02:11"
"2016 SJ1","2016-10-04 14:59:36"
"2016 SC17","2016-10-01 15:49:48"
"2016 SX1","2016-09-29 17:05:58"
"2016 RX","2016-09-28 15:00:27"
"2016 SF1","2016-09-27 15:12:03"
"2016 RP17","2016-09-16 15:00:54"
"2016 RV1","2016-09-09 15:02:03"
"2016 QM11","2016-09-08 15:00:35"
"2016 RB1","2016-09-06 23:11:33"
"2016 QJ44","2016-09-03 15:00:50"
"2016 QH44","2016-09-02 15:00:05"
"2016 PS26","2016-08-27 14:59:17"
"2016 PO39","2016-08-23 14:59:05"
"2016 PT","2016-08-11 15:00:03"
"2016 OJ1","2016-08-09 14:58:36"
"2016 OK1","2016-08-08 15:00:06"
"2016 OV","2016-08-02 15:48:49"
"2015 KE","2016-07-27 19:06:20"
"2016 NA39","2016-07-27 17:05:40"
"2010 EN44","2016-07-27 17:03:04"
"2016 NG33","2016-07-26 15:00:51"
"2016 EK85","2016-07-20 14:59:50"
"2016 NX22","2016-07-19 15:01:32"
"2016 NG15","2016-07-15 15:00:31"
"2016 NO16","2016-07-15 14:59:12"
"2012 PK24","2016-07-02 17:07:12"
"2011 YV62","2016-06-29 17:07:49"
"2016 LX48","2016-06-23 15:03:43"
"2016 LH11","2016-06-13 15:10:50"
"2016 LN1","2016-06-12 15:07:54"
"2016 LR9","2016-06-11 15:02:47"
"2016 KR3","2016-06-07 15:11:11"
"2016 LG","2016-06-05 15:07:55"
"2016 KS3","2016-06-05 15:05:05"
"2016 HF19","2016-06-04 15:08:35"
"2016 KO","2016-05-30 14:48:06"
"2016 FC","2016-05-11 15:08:13"
"2016 FG60","2016-05-10 18:08:33"
"2016 JD18","2016-05-10 14:57:36"
"2016 HP19","2016-05-08 14:03:32"
"2016 GB241","2016-05-05 16:02:52"
"2016 HD3","2016-05-04 01:10:46"
"2016 FJ14","2016-04-25 14:00:31"
"2016 GW220","2016-04-23 15:03:43"
"2016 GP221","2016-04-18 15:11:14"
"2016 GT220","2016-04-15 15:54:40"
"2016 GJ32","2016-04-15 15:54:26"
"2016 FD22","2016-04-14 15:04:39"
"2016 GM2","2016-04-13 15:04:32"
"2016 FY2","2016-04-10 15:21:22"
"2016 FO12","2016-04-10 15:04:20"
"2016 FC14","2016-04-08 16:03:36"
"2016 FY12","2016-04-07 15:04:01"
"2016 FT13","2016-04-07 15:03:22"
"2016 GX","2016-04-05 16:05:28"
"2016 GF1","2016-04-05 16:00:37"
"2016 FY3","2016-04-05 15:04:37"
"2016 FX7","2016-04-04 16:00:05"
"1994 WR12","2016-04-02 04:51:16"
"2016 EU85","2016-03-30 15:04:12"
"2016 EZ157","2016-03-25 15:03:25"
"2016 CO248","2016-03-21 15:21:34"
"2016 ED195","2016-03-19 15:57:55"
"2016 DY21","2016-03-19 15:07:53"
"2016 EV1","2016-03-15 16:04:38"
"2016 EZ26","2016-03-15 16:03:39"
"1998 SH2","2016-03-15 15:43:42"
"2016 EC156","2016-03-14 19:04:03"
"2016 ED28","2016-03-14 16:03:20"
"2016 CL195","2016-03-12 16:05:27"
"2016 CE31","2016-03-10 16:08:20"
"2016 EK27","2016-03-09 16:12:21"
"2016 EQ1","2016-03-07 16:58:31"
"2015 VC2","2016-03-05 16:06:16"
"2016 DF1","2016-03-02 17:05:28"
"2016 CU193","2016-02-25 16:04:46"
"2016 CW137","2016-02-20 16:02:39"
"2016 CW193","2016-02-18 17:04:53"
"2016 CV246","2016-02-16 16:58:12"
"2015 SG","2016-02-12 16:05:48"
"2016 BT39","2016-02-07 16:58:30"
"2016 AW193","2016-02-07 16:05:48"
"2016 BY14","2016-02-06 17:04:10"
"2016 BA14","2016-02-03 16:04:45"
"2016 AJ193","2016-02-02 16:02:47"
"2016 BC14","2016-01-30 17:05:55"
"2016 BE1","2016-01-28 16:03:21"
"2016 AH164","2016-01-16 02:04:34"
"2015 YV1","2016-01-13 16:07:20"
"2002 AO11","2016-01-11 23:48:40"
"2016 AW8","2016-01-11 18:05:03"
"2015 XF261","2016-01-08 16:09:32"
"2015 YY9","2016-01-07 16:05:49"
"2015 YS9","2016-01-02 17:00:33"
"2015 XJ351","2016-01-02 16:06:52"
"2001 BB16","2015-12-25 17:31:56"
"2011 YW10","2015-12-21 07:40:57"
"2015 XC352","2015-12-20 16:07:44"
"2015 XP378","2015-12-19 16:55:31"
"2006 XP4","2015-12-19 01:37:50"
"2015 XG261","2015-12-17 22:06:13"
"2015 XK261","2015-12-17 17:54:11"
"2015 XL128","2015-12-17 17:48:55"
"2015 XE352","2015-12-15 16:59:53"
"2015 XA352","2015-12-15 16:55:59"
"2015 KP18","2015-12-14 18:26:27"
"2015 VD2","2015-12-14 16:06:57"
"2011 HP4","2015-12-14 16:05:56"
"2015 XX128","2015-12-08 17:00:13"
"2010 XA68","2015-12-05 15:17:18"
"2015 VY150","2015-11-29 16:03:25"
"2015 WA2","2015-11-28 16:08:00"
"2015 WG","2015-11-21 16:03:26"
"2015 VM128","2015-11-20 17:48:09"
"2015 VO105","2015-11-17 18:17:13"
"2015 TE323","2015-10-31 14:02:44"
"2015 UH51","2015-10-29 14:05:43"
"2015 TU238","2015-10-29 14:03:44"
"2015 TH145","2015-10-26 15:02:58"
"2015 UH","2015-10-24 15:53:50"
"2015 TK178","2015-10-20 15:04:32"
"2015 TD179","2015-10-19 17:56:37"
"2015 TV144","2015-10-16 15:55:50"
"2015 TZ143","2015-10-13 15:55:37"
"2015 TL143","2015-10-13 15:04:12"
"2015 TE","2015-10-08 14:04:47"
"2006 CK","2015-10-04 11:38:10"
"2004 KG1","2015-10-04 04:07:38"
"2015 RA36","2015-10-03 15:28:08"
"2004 HM","2015-10-03 03:22:12"
"2015 RP82","2015-10-02 13:26:10"
"2011 WQ4","2015-10-02 07:03:58"
"2015 RE36","2015-10-01 01:47:54"
"2014 HK196","2015-09-30 00:01:35"
"2003 SQ222","2015-09-29 18:14:05"
"2015 RN82","2015-09-29 15:12:43"
"2003 KF4","2015-09-28 22:37:53"
"2010 TK55","2015-09-28 02:23:32"
"2001 FB90","2015-09-27 18:29:34"
"2005 JT1","2015-09-27 12:36:14"
"2005 WY","2015-09-27 06:33:34"
"2012 FN35","2015-09-26 21:18:40"
"2004 HQ1","2015-09-26 10:05:08"
"2011 CC22","2015-09-26 05:57:59"
"2014 HU46","2015-09-25 23:17:04"
"2006 WA3","2015-09-25 22:34:37"
"2008 UW99","2015-09-25 22:12:18"
"2006 BF99","2015-09-25 20:07:15"
"2006 WZ29","2015-09-25 12:47:48"
"2007 BB","2015-09-25 05:23:13"
"2006 AU3","2015-09-25 03:44:45"
"2012 FA57","2015-09-24 19:11:26"
"2011 DE5","2015-09-24 18:24:37"
"2007 WD5","2015-09-24 07:19:23"
"2008 YY32","2015-09-24 05:01:34"
"2004 MC","2015-09-24 03:50:43"
"2009 DV","2015-09-23 19:58:10"
"2009 SM98","2015-09-23 03:13:36"
"1998 US18","2015-09-22 12:36:02"
"2014 UU56","2015-09-22 07:39:41"
"2010 XO69","2015-09-22 02:37:36"
"2012 GD","2015-09-22 02:25:00"
"2005 LM3","2015-09-21 13:28:57"
"2007 EE26","2015-09-21 08:24:46"
"2002 RC117","2015-09-20 12:42:33"
"2006 BB9","2015-09-20 05:02:57"
"2005 XN27","2015-09-19 19:44:06"
"2004 FK5","2015-09-19 18:51:23"
"1991 TU","2015-09-19 13:18:09"
"2011 WQ2","2015-09-19 04:15:05"
"2008 CE22","2015-09-19 03:14:19"
"2007 XO","2015-09-18 00:06:56"
"2010 WA9","2015-09-17 17:06:54"
"2008 HU4","2015-09-17 15:19:22"
"2007 VE191","2015-09-17 02:38:00"
"2015 JJ","2015-09-16 17:08:05"
"2015 PU228","2015-09-16 15:05:42"
"2000 UK11","2015-09-14 17:56:06"
"2015 NK13","2015-09-02 16:10:30"
"2015 QW8","2015-08-27 15:00:46"
"2015 PR56","2015-08-23 15:04:46"
"2015 OA22","2015-08-21 14:58:59"
"2013 YF21","2015-08-20 18:57:52"
"2013 RE74","2015-08-20 18:56:49"
"2015 PR228","2015-08-20 15:00:23"
"2001 QJ96","2015-08-18 03:47:25"
"2015 ND3","2015-08-17 16:02:28"
"2015 OL35","2015-08-03 14:59:50"
"2015 NG13","2015-07-23 15:14:15"
"2015 ON","2015-07-22 15:02:48"
"2015 MD131","2015-07-22 14:58:24"
"2011 UE305","2015-07-14 14:07:25"
"2015 LS24","2015-07-11 13:58:42"
"2008 LG2","2015-07-09 13:29:26"
"2015 MX53","2015-07-07 13:59:11"
"2015 KR157","2015-07-02 15:19:35"
"2015 FL290","2015-06-21 15:02:26"
"2015 KL157","2015-06-21 15:00:19"
"2015 KH157","2015-06-18 15:01:38"
"2015 KT157","2015-06-13 15:03:08"
"2015 FF345","2015-06-10 14:57:28"
"2015 KQ57","2015-06-06 14:00:37"
"2015 KR154","2015-06-04 13:59:51"
"2015 KW121","2015-05-29 15:59:28"
"2015 KW120","2015-05-27 17:02:08"
"2015 KO57","2015-05-27 15:03:42"
"2015 FY344","2015-05-22 02:08:56"
"2015 HM10","2015-05-11 15:01:05"
"2015 DP224","2015-04-29 12:53:40"
"2015 HC10","2015-04-29 12:53:31"
"2015 HP116","2015-04-29 12:53:19"
"2015 HR11","2015-04-25 15:01:44"
"2015 HB10","2015-04-24 15:03:25"
"2015 HM1","2015-04-21 15:02:12"
"2015 GJ13","2015-04-19 15:03:11"
"2015 FQ332","2015-04-12 14:06:39"
"2015 FQ","2015-04-12 00:04:01"
"2015 FG120","2015-04-10 14:01:25"
"2014 WP362","2015-04-10 12:04:56"
"2015 FE35","2015-04-08 01:00:27"
"2015 FS332","2015-04-05 15:00:32"
"2015 FP118","2015-04-02 15:53:35"
"2015 FN35","2015-03-29 15:09:06"
"2015 FF37","2015-03-27 15:01:03"
"2015 EY","2015-03-26 15:00:42"
"2014 NG65","2015-03-25 15:09:07"
"2015 ES","2015-03-20 20:18:49"
"2015 EK7","2015-03-20 15:05:14"
"2003 LN6","2015-03-02 18:23:25"
"2015 DU180","2015-03-02 15:17:14"
"2015 CT13","2015-03-02 15:10:21"
"2015 DF198","2015-02-27 15:14:29"
"2015 AZ43","2015-02-23 22:01:58"
"2015 DB1","2015-02-21 15:53:41"
"2015 CA1","2015-02-18 15:00:37"
"2015 CP","2015-02-10 15:52:02"
"2015 AK280","2015-02-10 15:01:04"
"2015 BU92","2015-02-02 18:55:34"
"2015 BP513","2015-02-01 15:54:04"
"2014 YO44","2015-01-28 19:44:04"
"2014 YL42","2015-01-28 15:02:24"
"2015 BS4","2015-01-25 15:00:53"
"2015 BN311","2015-01-24 15:01:24"
"2014 YS15","2015-01-21 15:00:15"
"2014 YN44","2015-01-21 14:59:06"
"2015 AK45","2015-01-18 15:01:03"
"2014 YK9","2015-01-18 14:59:03"
"2014 WF6","2015-01-17 15:04:03"
"2014 XL7","2015-01-15 14:01:44"
"2014 JW79","2015-01-08 11:46:14"
"2014 WA366","2015-01-06 15:06:34"
"2014 YS43","2015-01-04 15:01:03"
"2014 YY8","2014-12-31 15:00:11"
"2014 UN114","2014-12-22 19:53:22"
"2014 YD","2014-12-22 18:55:42"
"2014 WX202","2014-12-08 16:57:49"
"2014 UD176","2014-12-03 15:04:44"
"2010 XA73","2014-12-02 19:14:02"
"2014 WV363","2014-12-02 14:01:04"
"2014 WC201","2014-11-28 15:05:32"
"2014 WD201","2014-11-28 15:00:14"
"2014 WE121","2014-11-27 14:59:04"
"2014 KC46","2014-11-07 21:01:46"
"2014 UA176","2014-11-03 15:06:41"
"2014 TW57","2014-10-20 15:03:57"
"2014 TA36","2014-10-18 15:02:37"
"2014 SC324","2014-10-10 14:06:05"
"2014 SB260","2014-10-04 19:58:26"
"2014 RS17","2014-10-01 15:10:02"
"2014 SP142","2014-09-30 15:07:25"
"2014 SM260","2014-09-29 16:01:51"
"2014 SM143","2014-09-29 15:08:39"
"2014 SN1","2014-09-27 15:01:43"
"2014 ST223","2014-09-25 15:08:43"
"2012 DJ14","2014-09-13 14:02:09"
"2014 QN433","2014-09-12 14:08:56"
"2014 QL433","2014-09-12 14:04:12"
"2014 QO296","2014-09-09 14:01:57"
"2007 RY19","2014-09-08 16:20:52"
"2014 RC","2014-09-05 15:07:23"
"2014 QC3","2014-08-25 14:04:31"
"2014 OJ392","2014-08-23 15:03:36"
"2014 OM339","2014-08-20 14:01:28"
"2014 OF392","2014-08-14 14:03:53"
"2014 PB58","2014-08-13 14:03:45"
"2014 NP64","2014-08-01 15:00:39"
"2014 OY1","2014-07-29 14:02:09"
"2014 LU27","2014-07-23 11:36:23"
"2011 PU1","2014-07-19 05:08:23"
"2014 NK52","2014-07-17 14:07:00"
"2014 DH","2014-07-11 14:10:09"
"2014 NE3","2014-07-06 14:03:43"
"2014 MB55","2014-07-06 14:01:13"
"2012 VU76","2014-07-03 15:06:58"
"2013 YD48","2014-07-02 14:06:25"
"2014 MP41","2014-07-02 14:03:46"
"2014 LQ25","2014-06-21 14:25:38"
"2009 SB","2014-06-20 22:10:10"
"2011 UZ255","2014-06-18 14:36:09"
"2013 WX44","2014-06-17 07:12:03"
"2014 LJ21","2014-06-16 14:08:51"
"2014 EC","2014-06-16 03:28:54"
"2012 BV1","2014-06-13 23:39:52"
"2009 QR","2014-06-13 20:43:56"
"2014 LM9","2014-06-10 14:00:46"
"2014 KX99","2014-06-10 00:47:58"
"2014 KV86","2014-06-07 14:01:03"
"2014 KH39","2014-06-04 23:01:43"
"2014 KT76","2014-06-02 14:03:47"
"2014 KM4","2014-06-01 14:01:19"
"2014 KZ45","2014-05-30 14:06:11"
"2014 HM187","2014-05-28 14:01:26"
"2014 JL25","2014-05-24 14:00:34"
"2014 HM129","2014-05-23 14:02:06"
"2014 JS54","2014-05-18 14:12:39"
"2014 JH57","2014-05-14 14:03:31"
"2014 JT54","2014-05-12 14:02:44"
"2012 HP13","2014-05-06 16:25:12"
"2014 HE3","2014-05-03 14:01:44"
"2014 DN112","2014-05-02 14:05:50"
"2014 HE124","2014-04-30 14:11:34"
"2014 HG124","2014-04-30 14:03:53"
"2014 HK129","2014-04-30 14:03:48"
"2014 HG4","2014-04-25 14:03:23"
"2014 GG17","2014-04-13 14:03:23"
"2014 ER49","2014-04-09 16:02:18"
"2014 FH54","2014-04-07 16:57:00"
"2014 AF16","2014-04-05 16:04:46"
"2014 FZ43","2014-04-04 16:55:15"
"2011 EU29","2014-04-04 16:48:02"
"2004 BX159","2014-04-01 15:49:55"
"2014 FR37","2014-03-29 16:04:03"
"2007 VK184","2014-03-28 06:18:54"
"2014 EQ49","2014-03-26 16:02:35"
"2014 EQ12","2014-03-19 16:02:44"
"2007 FY20","2014-03-18 16:20:50"
"2014 DA","2014-03-11 16:05:00"
"2014 DD10","2014-03-08 16:02:26"
"2014 DM22","2014-03-06 16:03:58"
"2014 DX110","2014-03-05 16:56:03"
"2014 DU22","2014-02-28 18:28:07"
"2014 CU13","2014-02-27 17:05:07"
"2014 DB11","2014-02-25 17:02:05"
"2014 CZ2","2014-02-19 17:54:22"
"2014 CS13","2014-02-15 17:07:03"
"2014 CY4","2014-02-09 16:04:16"
"2014 BD33","2014-01-30 16:04:44"
"2014 AD16","2014-01-24 01:03:32"
"2014 BB3","2014-01-23 16:00:11"
"2013 YC","2014-01-22 16:11:31"
"2014 BQ","2014-01-22 16:02:32"
"2014 AY16","2014-01-09 16:02:49"
"2013 WV44","2014-01-05 16:01:51"
"2013 BP73","2014-01-03 16:34:28"
"2014 AA","2014-01-03 01:23:49"
"2013 XA22","2013-12-23 16:08:59"
"2010 RX30","2013-12-22 07:27:04"
"2008 CK70","2013-12-21 16:14:53"
"2007 UW1","2013-12-14 04:19:17"
"2013 XY8","2013-12-11 22:03:33"
"2013 XE2","2013-12-11 18:37:00"
"2013 WR67","2013-12-10 16:01:53"
"2013 WT67","2013-12-06 23:00:25"
"2013 WT43","2013-12-06 22:56:32"
"2013 WS67","2013-12-06 22:03:14"
"2013 WA44","2013-12-01 20:02:54"
"2013 VM5","2013-11-30 20:02:00"
"2013 VZ4","2013-11-29 20:02:08"
"2013 VC13","2013-11-21 19:05:09"
"2013 VJ11","2013-11-11 22:02:46"
"2013 VF2","2013-11-11 17:11:50"
"2013 TV135","2013-11-08 13:08:46"
"2013 VQ4","2013-11-07 13:54:57"
"2013 VP4","2013-11-07 13:02:28"
"2013 UP8","2013-11-01 12:52:02"
"2013 UQ4","2013-10-29 13:03:23"
"2013 UG1","2013-10-25 13:26:43"
"2013 UB","2013-10-20 12:16:39"
"2013 SW24","2013-10-12 14:05:42"
"2013 TH6","2013-10-09 13:03:50"
"2013 TG4","2013-10-05 12:01:50"
"2013 RC32","2013-10-05 12:01:41"
"2013 RJ74","2013-09-24 12:12:19"
"2013 RH74","2013-09-18 12:03:23"
"2013 RG74","2013-09-17 13:01:43"
"2001 AV43","2013-09-10 12:50:42"
"2013 RN21","2013-09-08 10:01:08"
"2013 RA6","2013-09-08 10:00:54"
"2013 RV9","2013-09-06 12:13:04"
"2013 RN9","2013-09-06 12:12:15"
"2013 RU9","2013-09-06 12:10:37"
"2013 RE6","2013-09-05 12:12:11"
"2013 QN11","2013-09-01 12:13:40"
"2013 PD39","2013-08-29 12:01:35"
"2013 QU1","2013-08-25 12:02:52"
"2013 PW31","2013-08-14 13:23:24"
"2013 PV13","2013-08-12 12:42:23"
"2013 CL22","2013-08-08 16:19:54"
"2012 PY19","2013-08-08 10:32:51"
"2011 BQ50","2013-08-08 10:27:58"
"2012 RJ10","2013-08-07 11:17:36"
"2012 XE133","2013-08-07 07:04:03"
"2010 HS20","2013-08-07 01:14:24"
"2013 EL89","2013-08-06 15:23:34"
"2013 ML3","2013-07-31 09:52:08"
"2013 OS3","2013-07-29 09:49:38"
"2013 OH","2013-07-19 09:51:33"
"2013 NJ10","2013-07-17 10:30:08"
"2013 NE15","2013-07-17 10:29:58"
"2013 NW","2013-07-11 09:49:42"
"2013 NK4","2013-07-07 10:05:01"
"2013 LG16","2013-06-29 09:50:37"
"2009 WM1","2013-06-26 05:57:08"
"2013 ED28","2013-06-23 09:54:48"
"2013 LZ28","2013-06-22 09:50:49"
"2011 BT15","2013-06-17 23:56:23"
"2013 LH16","2013-06-14 10:32:35"
"2013 LT28","2013-06-14 10:31:30"
"2013 LE16","2013-06-14 10:30:21"
"2013 LC1","2013-06-06 09:55:52"
"2013 LB","2013-06-04 09:55:06"
"2013 KG6","2013-06-02 11:50:57"
"2013 JD34","2013-05-22 09:51:21"
"2013 JS17","2013-05-18 09:51:39"
"2013 JR28","2013-05-18 09:50:48"
"2013 JW17","2013-05-14 09:49:42"
"2013 JH14","2013-05-13 09:50:15"
"2013 JM14","2013-05-12 09:51:16"
"2013 HT25","2013-05-10 09:56:11"
"2013 JE1","2013-05-06 11:50:56"
"2013 GG69","2013-04-30 15:49:24"
"2013 GF69","2013-04-22 09:51:16"
"2013 HR","2013-04-21 09:51:12"
"2013 GZ73","2013-04-19 09:49:59"
"2013 GJ35","2013-04-17 09:50:02"
"2013 GE55","2013-04-14 09:55:13"
"2013 GL8","2013-04-13 09:54:14"
"2013 GS38","2013-04-12 09:51:49"
"2013 FW13","2013-04-03 09:54:06"
"2008 AO112","2013-03-30 16:45:13"
"2013 EV108","2013-03-22 09:50:41"
"2013 FK","2013-03-22 09:50:26"
"2013 EH68","2013-03-21 09:53:04"
"2013 FJ","2013-03-19 10:37:26"
"2013 EQ41","2013-03-15 09:56:34"
"2013 ET11","2013-03-14 09:50:22"
"2013 EB34","2013-03-13 09:51:33"
"2013 EL28","2013-03-13 09:48:59"
"2013 ES11","2013-03-11 09:54:44"
"2013 CK129","2013-02-22 10:50:22"
"2013 CU129","2013-02-22 10:50:20"
"2013 CW129","2013-02-19 09:57:48"
"2013 CU83","2013-02-18 10:49:49"
"2013 CT82","2013-02-17 09:52:40"
"2013 CB88","2013-02-17 09:51:02"
"2013 BC70","2013-02-16 10:52:20"
"2012 DA14","2013-02-15 16:39:36"
"2013 BJ18","2013-02-01 09:50:16"
"2013 BU15","2013-01-31 09:52:09"
"2013 AP60","2013-01-31 09:50:51"
"2013 BV15","2013-01-23 10:58:40"
"2013 BS15","2013-01-22 11:33:14"
"2013 BG18","2013-01-22 10:52:01"
"2013 BS18","2013-01-22 10:51:37"
"2013 BF18","2013-01-21 09:51:59"
"2010 XW58","2013-01-15 17:53:11"
"2013 AE4","2013-01-10 10:49:34"
"2012 YQ1","2013-01-08 09:51:13"
"2012 XH","2013-01-07 09:55:29"
"2011 AG5","2012-12-21 19:41:01"
"2012 XM134","2012-12-19 10:31:27"
"2012 XT134","2012-12-19 10:31:13"
"2012 XO111","2012-12-19 09:51:49"
"2012 XL134","2012-12-18 09:52:20"
"2012 XF133","2012-12-17 10:31:47"
"2012 XH133","2012-12-17 10:00:16"
"2012 XG133","2012-12-17 09:51:38"
"2012 XH112","2012-12-15 10:32:47"
"2012 XY6","2012-12-08 09:49:43"
"2011 WL2","2012-12-06 09:58:17"
"2012 WS10","2012-11-24 11:36:01"
"2012 VE82","2012-11-20 10:31:08"
"2012 VO76","2012-11-20 09:51:43"
"2012 VK6","2012-11-19 09:51:41"
"2012 UY68","2012-11-14 09:53:50"
"2012 VF37","2012-11-13 09:50:52"
"2012 VJ6","2012-11-13 09:49:46"
"2012 VE5","2012-11-13 09:48:26"
"2012 VF5","2012-11-07 09:49:26"
"2012 UZ33","2012-11-06 10:51:25"
"2012 UR158","2012-11-03 09:57:28"
"2012 UR138","2012-11-03 09:51:42"
"2012 UR136","2012-10-26 09:51:53"
"2012 UA69","2012-10-25 19:25:24"
"2002 TX55","2012-10-25 01:09:28"
"2012 TS78","2012-10-22 09:51:23"
"2012 TO139","2012-10-21 10:56:33"
"2012 UY9","2012-10-21 10:53:36"
"2012 TF79","2012-10-14 09:56:43"
"2012 TH79","2012-10-13 08:50:46"
"2012 TY52","2012-10-12 09:53:12"
"2012 TV78","2012-10-12 09:52:21"
"2012 SW20","2012-09-25 08:53:41"
"2012 SA3","2012-09-20 08:52:30"
"2012 PX","2012-09-10 20:51:47"
"2012 QB18","2012-09-08 08:51:10"
"2012 QG8","2012-08-27 09:49:59"
"1999 SF10","2012-08-23 18:18:28"
"2011 AH5","2012-08-22 20:55:49"
"2012 PN28","2012-08-22 08:50:36"
"2012 QC8","2012-08-21 08:51:57"
"2012 PA20","2012-08-21 08:50:32"
"2012 PN","2012-08-10 08:49:36"
"2011 SR5","2012-07-22 19:08:14"
"2012 MA7","2012-07-11 08:50:13"
"2012 MY2","2012-07-02 21:52:54"
"2012 LK11","2012-06-29 08:51:38"
"2012 LK9","2012-06-26 08:50:56"
"2012 MU2","2012-06-25 19:49:23"
"2012 LR1","2012-06-23 08:53:05"
"2012 BU61","2012-06-19 08:51:42"
"2012 KU42","2012-06-05 08:50:12"
"2012 KT42","2012-05-30 08:55:50"
"2012 JS11","2012-05-27 08:49:36"
"2012 KN18","2012-05-26 08:50:11"
"2012 JR17","2012-05-25 08:50:02"
"2012 KJ11","2012-05-24 08:54:23"
"2012 KD6","2012-05-21 08:51:19"
"2012 KY3","2012-05-20 08:55:07"
"2008 PG1","2012-05-11 07:00:00"
"2012 EC","2012-05-08 09:51:29"
"2012 HJ31","2012-05-03 10:32:02"
"2012 HG8","2012-05-03 09:53:33"
"2011 LT17","2012-04-30 13:55:49"
"2012 GV17","2012-04-29 08:50:39"
"2012 HL8","2012-04-29 08:50:34"
"2012 HM8","2012-04-27 08:50:19"
"2012 HQ","2012-04-20 08:53:07"
"2012 GE5","2012-04-16 08:49:58"
"2012 FB71","2012-04-14 08:49:47"
"2012 GK","2012-04-08 08:56:36"
"2012 FM52","2012-04-04 08:49:38"
"2012 EG5","2012-04-01 08:56:06"
"2012 FT35","2012-03-27 09:02:20"
"2012 FQ1","2012-03-26 08:50:36"
"2012 FA14","2012-03-24 09:31:19"
"2012 FR1","2012-03-23 09:33:44"
"2012 ER14","2012-03-23 08:51:22"
"2012 ET14","2012-03-20 08:52:26"
"2012 EY11","2012-03-17 09:34:34"
"2012 BJ86","2012-03-14 08:52:08"
"2012 DG61","2012-03-10 08:49:25"
"2012 EB2","2012-03-06 10:29:23"
"2012 CA21","2012-03-03 10:50:55"
"2011 AX22","2012-03-02 10:03:39"
"2012 DZ32","2012-03-01 08:48:46"
"2012 DY32","2012-02-28 09:42:25"
"2012 DY13","2012-02-25 09:56:09"
"2012 DX","2012-02-24 00:50:37"
"2011 HJ7","2012-02-23 17:57:50"
"2012 DN","2012-02-21 08:53:52"
"2012 DZ","2012-02-20 08:51:47"
"2012 CC29","2012-02-19 09:52:12"
"2010 AR85","2012-02-14 21:27:13"
"2012 BM86","2012-02-04 09:51:30"
"2012 BL86","2012-02-03 08:50:13"
"2012 BO11","2012-01-31 08:53:45"
"2012 BF27","2012-01-29 08:52:18"
"2012 BC77","2012-01-29 08:51:46"
"2012 BJ14","2012-01-28 08:53:03"
"2012 BB14","2012-01-23 08:52:20"
"2012 BN11","2012-01-22 08:52:54"
"2012 BK11","2012-01-22 08:49:05"
"2012 AS10","2012-01-16 08:52:03"
"2011 YH28","2012-01-16 08:49:52"
"2011 YJ28","2012-01-01 16:52:06"
"2011 XM1","2011-12-22 08:49:51"
"2011 YA","2011-12-20 08:52:41"
"2011 WO41","2011-12-19 08:50:10"
"2011 XZ1","2011-12-18 08:51:50"
"2011 UT","2011-12-15 08:50:37"
"2011 WU95","2011-12-08 08:51:03"
"2011 WS95","2011-12-06 08:50:38"
"2011 WV95","2011-12-04 09:52:08"
"2011 UG169","2011-11-27 22:48:16"
"2011 WL15","2011-11-27 09:50:29"
"2011 WW4","2011-11-21 08:48:57"
"2011 WS2","2011-11-20 09:10:49"
"2011 WO4","2011-11-20 08:55:40"
"2011 WU2","2011-11-19 08:49:07"
"2010 JC170","2011-11-18 08:00:00"
"2011 UW158","2011-11-17 08:50:16"
"2011 UL21","2011-11-04 08:51:37"
"2011 UV158","2011-11-02 12:15:10"
"2011 UW255","2011-11-02 11:35:06"
"2011 UA193","2011-11-02 11:32:56"
"2011 UX192","2011-10-31 09:35:53"
"2011 UA131","2011-10-29 08:49:12"
"2011 SD173","2011-10-28 08:50:32"
"2011 UH20","2011-10-27 09:54:01"
"2011 UG20","2011-10-26 09:43:54"
"2011 US63","2011-10-26 09:30:07"
"2011 SV71","2011-10-19 08:49:47"
"2011 TK","2011-10-17 08:50:35"
"2011 SE97","2011-10-16 04:51:11"
"2011 TQ8","2011-10-09 08:51:46"
"2011 SM68","2011-10-07 08:57:47"
"2011 TB","2011-10-04 09:29:59"
"2011 ST232","2011-10-04 09:29:30"
"2011 SY120","2011-10-02 09:51:58"
"2011 PE2","2011-10-01 08:51:10"
"2011 SP26","2011-09-30 09:30:40"
"2011 SE108","2011-09-29 09:29:09"
"2011 SG5","2011-09-27 16:53:24"
"2011 PN1","2011-09-18 00:57:19"
"2006 TF","2011-09-16 16:22:46"
"2007 YH1","2011-09-16 14:57:52"
"2008 EH85","2011-09-16 11:55:18"
"2006 KF100","2011-09-16 11:53:39"
"2008 EW84","2011-09-16 11:05:35"
"2010 WD1","2011-09-16 09:16:05"
"2006 FW33","2011-09-16 05:45:09"
"2011 EV73","2011-09-15 11:42:24"
"2011 QD48","2011-09-07 10:32:14"
"2011 QF14","2011-08-27 09:55:51"
"2011 KE15","2011-08-13 09:52:24"
"2011 OF26","2011-08-11 09:52:23"
"2011 PO1","2011-08-09 08:49:38"
"2011 OD18","2011-08-03 09:51:29"
"2011 OK5","2011-08-03 09:49:07"
"2011 OY17","2011-07-31 09:49:10"
"2005 SP1","2011-07-22 10:53:09"
"2011 MD5","2011-07-05 09:50:38"
"2011 LS17","2011-06-27 09:50:17"
"2011 LJ19","2011-06-23 09:51:56"
"2011 KN17","2011-06-22 09:51:35"
"2011 LC19","2011-06-20 09:49:49"
"2011 LA19","2011-06-17 09:49:39"
"2010 XC25","2011-06-10 11:51:42"
"2009 BD","2011-06-03 11:10:36"
"2011 KK15","2011-05-29 10:51:41"
"2011 HO5","2011-05-29 10:51:01"
"2011 BY24","2011-05-23 10:49:55"
"2011 HB53","2011-05-09 10:50:51"
"2011 HN24","2011-05-08 10:55:14"
"2011 HD63","2011-05-06 12:22:40"
"2011 HP24","2011-05-06 11:29:36"
"2011 JK","2011-05-06 10:55:49"
"2011 GN44","2011-05-03 10:50:35"
"2011 HS4","2011-05-01 11:55:50"
"2011 HS","2011-04-28 11:29:15"
"2011 HT","2011-04-28 10:50:09"
"2011 HF","2011-04-27 11:40:35"
"2011 GS60","2011-04-15 11:33:24"
"2011 GR59","2011-04-10 11:39:51"
"2011 GA55","2011-04-10 11:36:33"
"2011 GA","2011-04-10 10:51:27"
"2011 GJ3","2011-04-07 11:49:42"
"2011 GZ2","2011-04-07 11:33:41"
"2011 GO27","2011-04-06 11:36:28"
"2011 GH3","2011-04-06 11:31:20"
"2011 GB","2011-04-05 11:44:11"
"2011 GE","2011-04-05 11:26:05"
"2011 GE2","2011-04-03 11:46:51"
"2011 FY22","2011-04-01 10:48:42"
"2011 DV","2011-03-29 10:53:33"
"2011 EF17","2011-03-26 10:51:53"
"2011 ET74","2011-03-25 10:58:59"
"2011 EL11","2011-03-24 10:52:23"
"2011 EC41","2011-03-18 10:54:16"
"2011 EK40","2011-03-15 11:40:15"
"2011 EM51","2011-03-14 11:49:40"
"2011 EO40","2011-03-12 11:51:36"
"2011 EW4","2011-03-10 13:29:47"
"2011 EC7","2011-03-10 12:53:38"
"2011 BM45","2011-03-10 12:47:24"
"2011 DS9","2011-03-07 12:38:54"
"2011 EH","2011-03-04 12:46:43"
"2011 EJ","2011-03-03 11:37:52"
"2011 BH59","2011-03-01 10:41:29"
"2011 CB50","2011-02-26 11:30:09"
"2011 DY4","2011-02-26 10:54:46"
"2011 BA12","2011-02-21 10:50:57"
"2011 CY46","2011-02-16 11:30:20"
"2011 CJ50","2011-02-16 11:28:04"
"2011 CQ4","2011-02-15 11:33:32"
"2011 BH39","2011-02-12 12:12:15"
"2011 CT4","2011-02-10 10:56:45"
"2011 CX7","2011-02-10 10:50:56"
"2011 BJ24","2011-02-09 13:00:16"
"2011 CN2","2011-02-09 12:20:30"
"2011 BX18","2011-02-09 10:50:23"
"2011 CP4","2011-02-08 13:57:51"
"2011 CY3","2011-02-08 13:53:44"
"2011 CZ3","2011-02-08 13:23:32"
"2011 BB45","2011-02-07 13:42:47"
"2011 CR4","2011-02-07 12:24:43"
"2011 CQ1","2011-02-05 11:46:51"
"2011 BX10","2011-02-05 10:50:33"
"2011 BO24","2011-02-04 11:29:01"
"2011 BN24","2011-02-03 10:51:30"
"2011 BG40","2011-02-02 11:40:02"
"2011 BC40","2011-02-01 11:31:17"
"2011 BV11","2011-02-01 10:51:59"
"2010 UE51","2011-01-31 11:43:48"
"2011 BW18","2011-01-31 11:29:18"
"2011 BF39","2011-01-31 10:50:30"
"2011 BF24","2011-01-30 15:37:52"
"2011 BY18","2011-01-30 13:23:11"
"2011 BW11","2011-01-28 12:42:59"
"2011 AA37","2011-01-27 12:16:24"
"2011 BZ11","2011-01-27 11:34:35"
"2011 BV10","2011-01-26 12:16:56"
"2011 AL52","2011-01-26 12:14:43"
"2011 BH10","2011-01-26 11:36:25"
"2011 BY10","2011-01-26 11:35:46"
"2011 AM24","2011-01-23 10:51:56"
"2011 AM12","2011-01-22 10:51:09"
"2011 AL37","2011-01-18 10:53:01"
"2011 AN52","2011-01-17 10:53:34"
"2011 AT26","2011-01-14 10:52:02"
"2011 AA23","2011-01-13 12:57:43"
"2011 AL5","2011-01-12 11:33:26"
"2011 AH3","2011-01-09 11:30:49"
"2010 XQ69","2010-12-25 11:02:48"
"2010 WE3","2010-12-15 21:13:57"
"2010 XO56","2010-12-15 11:23:07"
"2010 XA59","2010-12-15 11:12:18"
"2010 XN","2010-12-14 11:15:59"
"2010 XD25","2010-12-11 12:06:01"
"2010 VQ98","2010-12-11 11:08:37"
"2010 XD11","2010-12-09 19:49:51"
"2010 VV139","2010-12-09 19:06:38"
"2010 VA140","2010-12-08 20:24:15"
"2010 VB1","2010-12-08 15:34:05"
"2007 VJ3","2010-12-08 08:43:20"
"1998 BT13","2010-12-08 05:28:32"
"2010 XC11","2010-12-07 20:10:59"
"2010 VL65","2010-12-07 17:45:58"
"2010 VT21","2010-12-07 15:37:46"
"2006 XV4","2010-12-07 06:01:11"
"2010 WK1","2010-12-07 00:24:09"
"2010 XK3","2010-12-06 10:50:47"
"2010 WT8","2010-12-04 11:52:08"
"2010 XA","2010-12-03 11:29:22"
"2010 XJ","2010-12-03 11:28:51"
"2010 WD9","2010-12-03 10:58:54"
"2010 WZ8","2010-12-03 10:53:11"
"2010 WC1","2010-12-02 10:56:37"
"2010 WH3","2010-12-02 10:50:44"
"2010 WS","2010-12-01 10:58:34"
"2010 VC140","2010-11-19 11:34:40"
"2010 VF139","2010-11-16 10:49:11"
"2010 VC72","2010-11-14 10:50:25"
"2010 VA76","2010-11-12 11:29:21"
"2010 MU112","2010-11-12 10:51:56"
"2010 VW75","2010-11-11 11:30:46"
"2010 VZ","2010-11-11 11:30:38"
"2010 VB72","2010-11-11 11:27:43"
"2010 VH1","2010-11-10 11:31:58"
"2010 VX39","2010-11-09 10:50:56"
"2010 VU21","2010-11-08 11:36:30"
"2010 VQ21","2010-11-08 11:31:33"
"2010 VS21","2010-11-07 10:29:55"
"2010 VG1","2010-11-06 10:42:08"
"2010 VP","2010-11-06 10:31:38"
"2010 VM1","2010-11-06 10:31:35"
"2010 UT7","2010-11-06 09:54:06"
"2010 UX6","2010-11-06 09:51:13"
"2010 VE1","2010-11-05 10:28:47"
"2010 UE8","2010-11-04 10:30:13"
"2010 UJ7","2010-11-02 10:08:59"
"2010 UZ6","2010-10-30 10:28:48"
"2010 UA7","2010-10-30 10:28:10"
"2010 TP55","2010-10-30 09:50:30"
"2010 UY6","2010-10-30 09:50:03"
"2010 TU149","2010-10-28 09:54:49"
"2010 RK135","2010-10-20 09:49:28"
"2010 TK167","2010-10-19 09:49:49"
"2010 TL55","2010-10-15 09:50:27"
"2010 TM","2010-10-13 13:25:23"
"2010 TD54","2010-10-11 08:53:50"
"2000 TU28","2010-10-10 10:12:24"
"2010 TG19","2010-10-09 10:32:33"
"2010 TU5","2010-10-09 10:30:13"
"2010 SJ15","2010-10-08 08:52:17"
"2010 SZ16","2010-10-07 09:49:49"
"2010 TE","2010-10-06 08:57:12"
"2010 TK","2010-10-05 09:55:34"
"2010 SG13","2010-10-03 10:11:02"
"2010 SF15","2010-10-03 09:55:29"
"2010 SS16","2010-10-03 09:50:37"
"2010 SU15","2010-10-02 08:50:46"
"2010 SH15","2010-10-02 08:48:59"
"2010 SD","2010-09-18 09:52:23"
"2010 RD130","2010-09-18 09:51:17"
"2010 RC130","2010-09-18 09:50:51"
"2010 PS65","2010-09-15 09:49:49"
"2010 RG31","2010-09-10 09:51:23"
"2010 RH43","2010-09-10 09:49:52"
"2010 RY3","2010-09-10 09:49:41"
"2010 RQ30","2010-09-09 09:53:07"
"2010 RZ11","2010-09-09 09:50:52"
"2010 RX3","2010-09-06 09:50:00"
"2010 PR66","2010-08-28 08:50:27"
"2010 OH126","2010-08-16 09:49:33"
"2010 PM9","2010-08-07 09:52:38"
"2010 KH","2010-08-06 09:49:18"
"2010 NY65","2010-08-05 09:54:55"
"2010 LG61","2010-07-30 04:47:50"
"2010 OC","2010-07-22 09:48:53"
"2010 NB2","2010-07-18 09:52:45"
"2010 NK","2010-07-11 09:54:41"
"2010 MS1","2010-07-05 09:53:59"
"2010 HQ80","2010-07-04 09:50:33"
"2010 MF1","2010-06-27 08:49:02"
"2010 MZ1","2010-06-25 09:49:08"
"2010 MR","2010-06-20 10:00:16"
"2010 LZ63","2010-06-19 09:53:58"
"2010 LL34","2010-06-17 09:55:10"
"2010 LJ61","2010-06-15 09:56:57"
"2010 LC64","2010-06-15 09:54:39"
"2010 LM34","2010-06-12 09:49:49"
"2010 KX7","2010-06-05 08:52:36"
"2010 KQ10","2010-06-05 08:49:58"
"2010 KR10","2010-06-03 09:52:49"
"2010 KU10","2010-05-31 00:50:34"
"2010 KV39","2010-05-26 09:55:36"
"2010 JE88","2010-05-24 09:54:23"
"2010 JU39","2010-05-23 10:04:34"
"2010 JF87","2010-05-19 09:50:05"
"2010 JL33","2010-05-17 09:50:20"
"2010 JM41","2010-05-14 09:52:15"
"2010 JT34","2010-05-13 09:51:19"
"2010 JN71","2010-05-13 09:50:12"
"2010 JK1","2010-05-12 09:52:50"
"2009 XO","2010-05-09 09:53:22"
"2010 JJ3","2010-05-08 09:51:13"
"2010 JJ1","2010-05-08 09:49:41"
"2005 YU55","2010-04-22 16:39:11"
"2010 HG20","2010-04-22 09:52:42"
"2010 GX62","2010-04-21 09:50:06"
"153814","2010-04-20 10:11:37"
"2010 GE35","2010-04-15 10:30:03"
"2010 GR33","2010-04-14 10:30:53"
"2010 GK23","2010-04-12 11:31:21"
"2010 GT7","2010-04-12 11:30:26"
"2010 FX80","2010-04-12 10:49:03"
"2010 FF10","2010-04-11 10:50:20"
"2010 GS7","2010-04-09 10:30:55"
"2010 GD6","2010-04-09 09:53:17"
"2010 FE7","2010-04-09 09:51:25"
"2010 GA6","2010-04-08 09:52:24"
"2010 GY6","2010-04-08 09:51:03"
"2010 FC81","2010-04-07 09:50:36"
"2010 EW45","2010-04-01 09:51:05"
"2010 DM56","2010-03-30 09:50:15"
"2010 FD7","2010-03-27 09:51:14"
"2010 FT9","2010-03-25 09:50:33"
"2010 EK44","2010-03-24 10:50:39"
"2010 FV9","2010-03-23 09:56:15"
"2010 FX9","2010-03-23 09:54:41"
"2010 FS9","2010-03-23 09:50:00"
"2010 FQ9","2010-03-23 09:48:49"
"2010 FW9","2010-03-22 10:38:10"
"2010 FD6","2010-03-22 09:53:36"
"2010 FR","2010-03-21 10:35:31"
"2010 EA46","2010-03-21 09:49:55"
"2010 FT","2010-03-20 10:31:12"
"2010 FQ","2010-03-20 09:57:11"
"2010 EC43","2010-03-20 09:50:30"
"2010 ED43","2010-03-17 18:51:24"
"2010 EH20","2010-03-14 10:49:00"
"2010 CN44","2010-03-11 10:49:09"
"2010 CL19","2010-03-05 10:54:30"
"2010 CH55","2010-02-25 10:49:21"
"2010 DM","2010-02-24 10:54:56"
"2010 DW1","2010-02-20 11:32:27"
"2010 CG19","2010-02-20 10:49:42"
"2010 DJ1","2010-02-19 20:51:01"
"2010 DH1","2010-02-19 11:33:29"
"2010 DP","2010-02-19 11:31:12"
"2010 DJ","2010-02-18 11:33:13"
"2010 DA","2010-02-18 11:01:49"
"2010 CO44","2010-02-17 21:35:24"
"2010 CF19","2010-02-17 21:31:30"
"2010 CD19","2010-02-17 20:50:15"
"2009 WJ1","2010-02-16 10:50:08"
"2010 CJ19","2010-02-16 10:46:28"
"2010 CJ1","2010-02-11 10:51:23"
"2010 BL2","2010-01-23 10:52:29"
"2010 BU2","2010-01-23 10:49:31"
"2005 UO","2010-01-20 17:03:34"
"2010 BB","2010-01-18 10:40:33"
"2010 AF40","2010-01-15 10:56:10"
"2010 AE30","2010-01-12 09:51:56"
"2010 AR1","2010-01-10 09:54:19"
"2010 AD3","2010-01-10 09:49:18"
"2010 AJ","2010-01-10 09:48:45"
"2010 AK","2010-01-09 09:52:19"
"2009 YG","2010-01-05 09:51:49"
"2009 YS6","2010-01-05 09:38:49"
"2009 YV6","2009-12-25 09:49:19"
"2009 XT6","2009-12-23 10:53:14"
"2009 YQ","2009-12-21 10:52:50"
"2009 WO106","2009-12-20 11:51:00"
"2008 AF4","2009-12-19 11:07:50"
"2009 XG8","2009-12-18 09:50:25"
"2009 XC2","2009-12-17 09:49:31"
"2009 XJ8","2009-12-17 09:49:08"
"2009 XF2","2009-12-15 10:49:24"
"2009 WX51","2009-12-02 09:49:44"
"2009 WF106","2009-12-01 09:52:05"
"2009 WD54","2009-11-28 11:30:09"
"2009 WA105","2009-11-27 10:29:56"
"2009 WG104","2009-11-27 10:29:15"
"2009 WN25","2009-11-26 09:51:12"
"2009 VZ25","2009-11-22 09:49:40"
"2009 WY7","2009-11-21 13:01:55"
"2009 WD7","2009-11-21 10:52:53"
"2009 VA26","2009-11-21 10:51:30"
"2009 WR6","2009-11-21 10:49:30"
"1998 HJ3","2009-11-20 15:15:47"
"2009 WF","2009-11-18 09:50:59"
"2009 WB","2009-11-17 09:50:41"
"2009 VR25","2009-11-15 10:31:18"
"2009 VO24","2009-11-14 09:50:10"
"2009 VX","2009-11-11 21:49:17"
"2009 VT","2009-11-11 09:53:22"
"2009 UN3","2009-10-30 23:48:58"
"2009 UZ87","2009-10-30 09:53:26"
"2009 UY87","2009-10-30 09:50:59"
"2009 UV87","2009-10-29 08:49:44"
"2009 UL20","2009-10-27 08:50:53"
"2009 UV18","2009-10-27 08:47:43"
"2009 UW18","2009-10-26 08:52:30"
"2009 UK14","2009-10-23 10:31:55"
"2009 UF2","2009-10-23 10:29:26"
"2009 TC8","2009-10-22 09:49:58"
"2009 TG10","2009-10-22 09:49:17"
"2009 UE","2009-10-20 19:51:38"
"2009 TE10","2009-10-20 10:35:22"
"2009 TQ8","2009-10-20 10:35:16"
"2009 UD2","2009-10-20 10:34:22"
"2009 TO8","2009-10-20 10:31:53"
"2009 TS7","2009-10-20 09:51:04"
"2009 UB","2009-10-19 10:47:40"
"2009 UK","2009-10-19 10:34:03"
"2009 TG8","2009-10-19 10:29:31"
"2009 UD","2009-10-17 09:33:17"
"2009 TB3","2009-10-17 08:49:12"
"2009 TT","2009-10-12 08:50:25"
"2009 SK104","2009-10-10 08:49:53"
"2009 SD229","2009-10-10 08:49:25"
"2009 TJ","2009-10-09 08:50:32"
"2009 SC229","2009-10-02 08:49:41"
"2009 SP171","2009-10-01 09:31:59"
"2009 ST103","2009-10-01 08:50:48"
"2009 SG18","2009-10-01 08:50:25"
"2009 SQ104","2009-09-30 09:30:55"
"2009 SH2","2009-09-30 08:55:52"
"2009 SW19","2009-09-30 08:53:46"
"2009 SU104","2009-09-29 08:51:57"
"2009 SZ99","2009-09-27 08:56:29"
"2009 SO98","2009-09-25 09:31:11"
"2009 SC15","2009-09-24 09:31:44"
"2009 SV17","2009-09-24 09:30:54"
"2009 SW17","2009-09-23 09:30:38"
"2009 SB15","2009-09-23 08:52:00"
"2009 RZ3","2009-09-23 08:51:33"
"2009 SN1","2009-09-21 09:30:21"
"2009 SM1","2009-09-21 08:51:52"
"2009 SV","2009-09-21 08:50:53"
"2009 SX1","2009-09-20 10:41:04"
"2009 SG2","2009-09-20 10:30:41"
"2009 SK2","2009-09-20 10:27:39"
"2009 SW1","2009-09-20 09:50:57"
"2009 SK1","2009-09-19 09:33:41"
"2009 SK","2009-09-19 09:32:30"
"2009 SD","2009-09-19 08:53:11"
"2009 RN","2009-09-16 17:23:10"
"2009 QB35","2009-09-01 08:48:53"
"2009 QF34","2009-08-30 08:50:20"
"2009 QL8","2009-08-24 08:50:38"
"2009 QH6","2009-08-21 08:53:25"
"2009 PU1","2009-08-16 08:50:24"
"2000 QS7","2009-07-28 05:05:54"
"2009 OF","2009-07-26 08:50:53"
"2009 MB9","2009-07-11 08:50:04"
"2009 NA","2009-07-03 08:45:33"
"2009 LU2","2009-07-02 20:52:08"
"2008 ER7","2009-07-02 08:56:57"
"2009 MN8","2009-06-30 08:49:38"
"2009 MS","2009-06-25 16:50:40"
"2009 KK8","2009-06-20 08:49:50"
"2009 LW2","2009-06-19 08:51:55"
"2009 LX","2009-06-18 08:49:08"
"2009 KK","2009-06-17 08:52:17"
"2009 LQ1","2009-06-17 08:48:31"
"2009 LS","2009-06-16 08:51:50"
"2009 KN4","2009-06-16 08:50:18"
"2009 KT21","2009-06-13 08:48:35"
"2009 KM","2009-06-02 08:52:38"
"2009 ED27","2009-06-01 16:47:27"
"2009 KR21","2009-06-01 08:51:45"
"2009 KL2","2009-06-01 08:49:34"
"2009 KQ4","2009-05-30 08:48:25"
"2009 KT4","2009-05-29 09:29:14"
"2009 KC3","2009-05-29 08:50:27"
"2009 KD5","2009-05-28 08:53:36"
"2009 KE3","2009-05-26 08:50:33"
"2009 KG3","2009-05-25 15:18:34"
"2009 KN","2009-05-20 08:50:01"
"2009 HV58","2009-05-10 08:50:44"
"2009 HC82","2009-05-06 08:54:01"
"2009 HF82","2009-05-04 08:54:57"
"2009 HM73","2009-05-01 08:49:34"
"2009 HE60","2009-04-29 08:56:44"
"2009 HU2","2009-04-29 08:49:54"
"2009 HD21","2009-04-28 08:50:41"
"2009 HX51","2009-04-26 08:50:06"
"2009 HA21","2009-04-24 08:57:36"
"2009 HE","2009-04-23 08:52:59"
"2009 HL21","2009-04-23 08:52:51"
"2009 FG19","2009-04-05 08:50:12"
"2009 FJ30","2009-04-02 08:51:47"
"2009 FE","2009-04-02 08:51:11"
"2009 FU30","2009-03-29 09:29:44"
"2009 FG1","2009-03-25 08:53:33"
"2009 FU4","2009-03-24 09:49:54"
"2009 FY10","2009-03-23 09:35:25"
"2009 FS","2009-03-23 09:31:42"
"2009 FV4","2009-03-23 08:52:33"
"2009 FP","2009-03-22 08:52:18"
"2009 FS4","2009-03-22 08:51:16"
"2009 DO111","2009-03-21 06:57:01"
"2009 EN2","2009-03-19 11:51:31"
"2009 FK","2009-03-19 08:56:42"
"2009 ES","2009-03-18 10:56:55"
"2009 EV","2009-03-18 10:16:59"
"2009 EK1","2009-03-16 09:39:18"
"2009 DZ42","2009-03-13 08:50:10"
"2009 EE1","2009-03-06 12:15:13"
"2009 DL46","2009-03-04 11:34:36"
"2009 DE47","2009-03-03 10:31:48"
"2009 DC43","2009-03-03 09:51:52"
"2009 DT43","2009-03-02 09:50:43"
"2009 DV43","2009-03-01 10:28:57"
"2009 DS43","2009-03-01 09:54:10"
"2009 DB45","2009-03-01 09:49:23"
"2009 DV42","2009-03-01 09:48:55"
"2009 DA45","2009-03-01 09:48:52"
"2009 DH39","2009-02-27 09:51:14"
"2009 CB3","2009-02-26 10:06:48"
"2009 DA1","2009-02-26 09:50:31"
"2009 DM1","2009-02-26 09:47:14"
"2009 DE1","2009-02-25 09:53:31"
"2009 DS10","2009-02-24 09:51:18"
"2009 DR3","2009-02-22 10:31:37"
"2009 DF1","2009-02-21 09:49:13"
"2009 CQ5","2009-02-20 09:51:32"
"2009 BF81","2009-02-20 09:50:11"
"2009 CV5","2009-02-19 09:51:35"
"2009 CR2","2009-02-19 09:49:41"
"2009 CC3","2009-02-18 09:50:39"
"2009 BJ58","2009-02-14 09:53:54"
"2009 CR4","2009-02-14 09:51:31"
"2009 BD81","2009-02-10 15:49:11"
"2009 BL71","2009-02-08 09:55:50"
"2009 CT","2009-02-06 10:37:04"
"2009 CD2","2009-02-06 10:34:52"
"2009 CS","2009-02-06 10:31:31"
"2009 CZ","2009-02-05 09:50:08"
"2009 CV","2009-02-04 09:57:50"
"2009 BC58","2009-02-01 10:28:26"
"2009 AL","2009-01-29 09:49:46"
"2005 YR3","2009-01-29 06:12:53"
"2009 BP5","2009-01-26 09:52:50"
"2009 BU5","2009-01-24 09:53:52"
"2009 BE2","2009-01-22 09:52:31"
"2007 RT9","2009-01-16 18:53:02"
"2008 YU32","2009-01-16 09:54:20"
"2009 AV","2009-01-09 10:51:25"
"2008 YT30","2009-01-05 09:53:15"
"2008 YF29","2009-01-04 09:50:50"
"2008 YU30","2009-01-03 11:38:06"
"2008 YE29","2009-01-03 11:29:52"
"2008 YH30","2009-01-02 22:05:05"
"2008 YF30","2009-01-02 21:35:28"
"2008 YA29","2009-01-01 19:49:56"
"2008 YB29","2009-01-01 19:49:55"
"2008 WY94","2008-12-30 09:51:30"
"2008 YN2","2008-12-27 09:55:20"
"2008 YJ3","2008-12-27 09:51:31"
"2008 WK96","2008-12-24 09:53:00"
"2008 XO2","2008-12-24 09:49:16"
"2008 XQ2","2008-12-17 09:50:33"
"2008 XP2","2008-12-07 10:39:37"
"2008 XM1","2008-12-07 10:33:21"
"2008 WZ13","2008-12-07 09:51:02"
"2008 XN","2008-12-06 10:30:17"
"2008 XB2","2008-12-06 09:56:47"
"2008 XO","2008-12-05 11:30:11"
"2008 WH96","2008-12-03 09:53:14"
"2008 WJ96","2008-12-03 09:52:00"
"2008 WY13","2008-12-02 09:51:29"
"2008 WM64","2008-12-01 10:32:22"
"2008 VL14","2008-12-01 09:55:31"
"2008 WL61","2008-11-28 10:25:47"
"2008 WQ63","2008-11-28 09:54:36"
"2008 WW32","2008-11-27 09:49:04"
"2008 WB59","2008-11-25 10:31:34"
"2008 WX32","2008-11-24 09:57:20"
"2008 WK32","2008-11-24 09:55:12"
"2008 WD14","2008-11-23 09:52:22"
"2008 WA14","2008-11-22 09:54:37"
"2008 WP1","2008-11-22 09:49:54"
"2008 WL","2008-11-20 10:29:59"
"2008 UU95","2008-11-20 09:51:02"
"2004 XK3","2008-11-20 02:02:19"
"2008 VR4","2008-11-19 10:05:34"
"2008 WC","2008-11-19 09:59:54"
"2008 VH14","2008-11-17 09:49:31"
"2008 VV4","2008-11-12 18:31:42"
"2008 VB1","2008-11-09 10:52:52"
"2008 VZ3","2008-11-07 10:51:06"
"2008 VE","2008-11-06 10:49:52"
"2008 VH","2008-11-06 10:47:48"
"2008 UT95","2008-11-01 09:51:50"
"2008 UB95","2008-10-31 10:35:38"
"2008 UB92","2008-10-31 10:30:55"
"2008 UZ94","2008-10-31 09:51:08"
"2008 UV91","2008-10-30 09:29:15"
"2004 XY130","2008-10-29 12:00:00"
"2008 UE7","2008-10-29 10:17:08"
"2008 UV5","2008-10-29 09:50:49"
"2008 UT5","2008-10-28 09:30:40"
"2008 UW5","2008-10-28 08:56:51"
"2008 TP26","2008-10-28 08:52:27"
"2008 UD1","2008-10-28 08:52:21"
"2008 TQ26","2008-10-26 08:50:42"
"2008 UF1","2008-10-24 08:52:50"
"2008 UC","2008-10-23 10:28:16"
"2008 TD27","2008-10-18 08:49:54"
"2008 TZ3","2008-10-17 08:50:17"
"2008 SH82","2008-10-17 08:50:10"
"2008 TR10","2008-10-15 08:49:43"
"2008 TV25","2008-10-11 10:31:42"
"2008 TP10","2008-10-11 10:30:59"
"2008 TC4","2008-10-09 11:12:43"
"2008 TC2","2008-10-07 08:55:31"
"2008 TD2","2008-10-07 08:52:15"
"2008 SV11","2008-10-06 09:51:14"
"2008 SJ82","2008-10-05 08:50:50"
"2008 SE85","2008-10-04 08:52:56"
"2008 TB","2008-10-03 09:31:41"
"2008 LA","2008-09-27 08:51:58"
"2008 RM98","2008-09-27 08:51:06"
"2008 SU1","2008-09-25 08:52:22"
"2008 SO","2008-09-23 08:49:40"
"2008 SR","2008-09-23 08:49:28"
"2008 RJ1","2008-09-10 08:49:10"
"2008 RG1","2008-09-07 08:52:47"
"2008 RV","2008-09-06 08:50:33"
"2008 OO","2008-09-02 08:52:25"
"2008 QS11","2008-08-31 09:01:35"
"2008 QY","2008-08-30 08:57:36"
"2008 QT11","2008-08-29 08:51:42"
"2008 QT3","2008-08-29 08:51:35"
"2008 QC1","2008-08-26 08:50:50"
"2008 OB9","2008-08-25 08:49:39"
"2008 OC6","2008-08-22 08:53:20"
"2008 ON13","2008-08-21 08:53:10"
"2008 PJ9","2008-08-16 08:50:37"
"2008 PR9","2008-08-13 09:03:57"
"2008 PW4","2008-08-09 08:55:21"
"2008 PF1","2008-08-09 08:54:59"
"2008 PK3","2008-08-06 08:51:39"
"2008 PH3","2008-08-06 08:49:58"
"2008 OQ8","2008-08-06 08:49:15"
"2008 OP8","2008-08-04 08:51:24"
"2008 OS7","2008-08-03 08:52:46"
"2008 OX2","2008-08-02 09:02:45"
"2008 OT7","2008-08-01 08:54:51"
"2008 OY2","2008-08-01 08:49:58"
"2008 NO3","2008-07-29 08:49:31"
"2008 NQ3","2008-07-17 08:50:04"
"2008 MV1","2008-07-04 08:50:34"
"2008 LV16","2008-06-25 08:50:54"
"2008 LW16","2008-06-22 08:51:17"
"2008 LW8","2008-06-12 08:50:23"
"2008 JO24","2008-06-10 18:47:50"
"2008 LB","2008-06-09 08:51:19"
"2008 KZ5","2008-06-07 08:53:58"
"2008 KD6","2008-06-04 08:52:22"
"2008 KF6","2008-06-01 08:50:17"
"2008 KX2","2008-05-31 08:50:15"
"2004 XM29","2008-05-29 08:59:32"
"2008 JQ","2008-05-16 09:43:44"
"2007 HX3","2008-05-13 10:25:50"
"2008 HE3","2008-05-13 00:24:05"
"2008 HO3","2008-05-13 00:15:34"
"2008 JP","2008-05-12 23:44:01"
"2008 HB38","2008-05-12 23:01:10"
"2008 HR3","2008-05-12 20:39:30"
"2008 HD3","2008-05-03 10:36:09"
"2008 HH","2008-04-27 09:47:31"
"2008 HG","2008-04-25 16:55:13"
"2008 HE","2008-04-24 09:20:00"
"2008 GD110","2008-04-21 09:33:02"
"2008 GA110","2008-04-18 09:52:40"
"2008 GH110","2008-04-17 09:44:45"
"2008 GB21","2008-04-14 17:20:21"
"2008 GO20","2008-04-14 16:38:27"
"2008 GD1","2008-04-11 10:54:46"
"2008 GG","2008-04-11 01:03:37"
"2008 GR3","2008-04-10 10:41:54"
"2008 FN","2008-04-09 05:13:45"
"2008 FT6","2008-04-09 04:48:35"
"2008 FK7","2008-04-09 04:33:15"
"2008 GK","2008-04-09 03:12:20"
"2008 GJ","2008-04-08 22:11:56"
"2008 FL7","2008-04-03 11:32:57"
"2008 GF","2008-04-03 10:53:15"
"2008 FW6","2008-04-02 12:41:42"
"2008 FW5","2008-04-01 10:10:00"
"2008 FK","2008-03-30 16:22:01"
"2008 EZ97","2008-03-25 09:32:11"
"2008 EC69","2008-03-21 10:23:43"
"2008 EM7","2008-03-17 10:07:46"
"2008 EV68","2008-03-14 13:25:04"
"2008 EV5","2008-03-13 12:06:06"
"2008 EA8","2008-03-13 10:50:45"
"2008 EG32","2008-03-12 12:23:55"
"2008 ED8","2008-03-10 11:38:07"
"2008 EN6","2008-03-10 11:28:28"
"2008 EL6","2008-03-09 16:39:45"
"2008 EZ7","2008-03-09 15:11:14"
"2008 BO16","2008-03-09 12:57:03"
"2008 EE5","2008-03-08 11:15:13"
"2008 DW22","2008-03-06 23:22:58"
"2008 EK1","2008-03-06 22:45:50"
"2008 EH","2008-03-06 20:35:26"
"2008 CL116","2008-03-04 11:27:00"
"2008 ES","2008-03-04 11:10:52"
"2008 DJ5","2008-03-04 10:30:49"
"2008 DG5","2008-03-03 10:36:07"
"2008 DX22","2008-03-02 11:38:12"
"2008 DG4","2008-03-01 11:31:30"
"2008 DK5","2008-03-01 10:57:58"
"2008 DY","2008-02-28 11:17:19"
"2008 DJ","2008-02-27 10:25:01"
"2008 DE","2008-02-25 10:33:18"
"2008 CR118","2008-02-19 21:43:08"
"2008 CS1","2008-02-16 11:50:18"
"2008 CC119","2008-02-15 11:27:04"
"144898","2008-02-14 12:10:58"
"2008 CB22","2008-02-12 13:02:04"
"2008 CZ21","2008-02-12 12:22:10"
"2008 CD6","2008-02-11 10:48:49"
"2008 CE6","2008-02-11 10:25:03"
"2008 CF22","2008-02-10 13:06:42"
"2008 CD22","2008-02-10 12:55:35"
"2008 CM20","2008-02-10 12:26:15"
"2008 CA5","2008-02-09 11:58:13"
"2008 BT18","2008-02-06 10:56:14"
"2008 BD15","2008-02-04 11:31:22"
"2008 CK","2008-02-04 10:46:22"
"2008 BE15","2008-02-02 10:48:19"
"2007 YV56","2008-01-31 11:09:09"
"2008 AS28","2008-01-29 00:47:15"
"2008 AK33","2008-01-21 10:43:16"
"2008 AG33","2008-01-20 11:12:00"
"2007 YQ56","2008-01-20 03:58:42"
"2008 AN33","2008-01-20 02:26:15"
"2008 AL33","2008-01-18 11:22:16"
"2008 AE4","2008-01-13 12:48:26"
"2007 US","2008-01-11 11:52:03"
"2007 YM56","2008-01-05 14:32:22"
"2007 YB2","2008-01-05 12:41:56"
"2008 AE","2008-01-04 12:25:54"
"2007 YG1","2008-01-03 00:04:22"
"2007 XK11","2007-12-31 11:21:22"
"2007 YV29","2007-12-30 11:22:41"
"2007 YF","2007-12-20 13:25:12"
"2007 XF25","2007-12-19 10:54:08"
"2007 YG","2007-12-18 18:03:53"
"2007 XP3","2007-12-18 17:28:22"
"2007 YZ","2007-12-18 15:12:17"
"2007 YJ","2007-12-18 14:24:34"
"2007 XF18","2007-12-18 13:41:43"
"2007 XJ16","2007-12-18 12:51:23"
"2007 XB10","2007-12-18 12:14:05"
"2007 WY3","2007-12-12 12:50:02"
"2007 XN16","2007-12-12 11:26:26"
"2007 XD10","2007-12-11 11:03:53"
"2007 TU24","2007-12-04 14:05:06"
"2007 VN243","2007-12-02 12:52:59"
"2007 WE55","2007-12-01 11:29:13"
"2007 WV4","2007-11-29 12:22:16"
"2007 WV3","2007-11-21 17:37:07"
"2007 VG189","2007-11-20 22:29:37"
"2007 VC191","2007-11-20 19:10:57"
"2007 VP243","2007-11-20 18:05:40"
"2007 WC","2007-11-19 22:54:19"
"2007 WA","2007-11-17 11:56:49"
"2007 VD184","2007-11-16 12:39:06"
"2007 VG","2007-11-14 12:20:29"
"2007 VA85","2007-11-13 12:02:42"
"2007 VO84","2007-11-10 14:25:41"
"2007 VD12","2007-11-09 11:36:06"
"2007 VJ8","2007-11-08 16:09:55"
"2007 VC3","2007-11-08 14:50:41"
"2007 VH3","2007-11-07 16:54:15"
"2007 VV7","2007-11-07 15:35:40"
"2007 VA3","2007-11-07 12:48:21"
"2007 UY1","2007-11-07 11:26:13"
"2007 UR51","2007-11-03 14:20:09"
"2007 TH72","2007-11-03 14:07:09"
"2007 UL12","2007-11-02 10:12:46"
"2007 TD71","2007-10-28 10:09:54"
"2007 TB23","2007-10-24 11:57:17"
"2007 UH","2007-10-18 11:59:57"
"2007 TH19","2007-10-18 10:11:47"
"2007 TC23","2007-10-17 13:14:14"
"2007 TU68","2007-10-16 20:40:56"
"2007 SP11","2007-10-16 19:20:11"
"2007 TA25","2007-10-16 19:03:23"
"2007 TE66","2007-10-15 15:41:51"
"2007 TC66","2007-10-15 15:41:17"
"2007 TY24","2007-10-15 14:17:19"
"2007 TX18","2007-10-15 10:54:48"
"2007 TL23","2007-10-13 13:44:35"
"2007 TV18","2007-10-13 10:24:35"
"2007 TM15","2007-10-12 17:32:04"
"2007 TU18","2007-10-12 13:10:36"
"2007 TB14","2007-10-11 12:57:46"
"2007 TL15","2007-10-11 11:55:42"
"2007 TG1","2007-10-08 11:36:11"
"2007 SR11","2007-10-07 10:26:55"
"2007 TH1","2007-10-07 10:20:08"
"6344 P-L","2007-10-04 21:23:31"
"2007 SJ","2007-09-30 11:02:17"
"2007 RU9","2007-09-28 10:12:24"
"2007 SQ6","2007-09-24 10:29:23"
"2007 RT146","2007-09-20 13:43:39"
"2007 RQ133","2007-09-20 12:54:00"
"2007 RV9","2007-09-18 10:17:06"
"2007 RX19","2007-09-16 14:02:32"
"2007 RA20","2007-09-16 12:42:08"
"2007 RT12","2007-09-14 13:29:42"
"2007 RR9","2007-09-13 12:51:24"
"2007 RF2","2007-09-13 09:58:36"
"2007 RA9","2007-09-11 11:15:12"
"2007 RE1","2007-09-10 10:00:49"
"2007 RS1","2007-09-07 09:56:33"
"2007 RF1","2007-09-05 12:10:03"
"2007 RJ1","2007-09-05 10:07:57"
"2007 PV27","2007-08-30 09:37:22"
"2007 PA8","2007-08-18 10:25:44"
"2007 PF28","2007-08-17 09:59:25"
"2007 PF6","2007-08-12 10:21:50"
"2007 ML24","2007-08-09 10:37:55"
"2004 XN44","2007-08-07 10:06:12"
"2007 OG3","2007-08-04 09:51:55"
"2007 LQ19","2007-07-15 10:00:23"
"2007 MB24","2007-07-01 10:08:50"
"2007 LB15","2007-06-22 10:34:20"
"2007 LS","2007-06-18 11:45:20"
"2007 LA15","2007-06-16 10:11:34"
"2007 LD","2007-06-09 10:58:00"
"2007 LL","2007-06-09 10:31:20"
"2007 LA","2007-06-08 09:43:42"
"2007 KV2","2007-05-25 10:28:52"
"2007 HE15","2007-05-20 11:29:17"
"2007 JZ20","2007-05-19 10:23:34"
"2007 JF16","2007-05-17 09:36:24"
"2007 JY2","2007-05-16 19:48:43"
"2007 HA59","2007-05-08 08:16:18"
"2007 HG44","2007-05-03 09:32:37"
"2007 HF44","2007-04-28 10:37:59"
"2007 HD15","2007-04-28 10:24:42"
"2007 HP","2007-04-27 10:18:03"
"2007 HX4","2007-04-26 09:46:57"
"2007 HZ","2007-04-20 18:20:13"
"2007 HC","2007-04-18 10:03:45"
"2007 FD","2007-04-18 01:34:00"
"2007 GG","2007-04-16 20:11:54"
"2002 GJ8","2007-04-16 12:14:54"
"2007 GU4","2007-04-16 11:39:32"
"2007 GU1","2007-04-12 10:15:31"
"2004 HZ","2007-04-12 06:53:12"
"2007 GC","2007-04-09 09:54:25"
"2007 EJ","2007-04-08 10:06:19"
"2007 FK1","2007-03-26 11:33:28"
"2007 FE","2007-03-26 10:13:47"
"2007 FA","2007-03-22 14:01:14"
"2007 EJ88","2007-03-22 13:12:53"
"2007 FQ3","2007-03-22 12:37:55"
"2007 FE1","2007-03-22 11:46:23"
"2007 EM88","2007-03-21 10:05:15"
"2007 EX","2007-03-12 12:05:44"
"2007 EQ","2007-03-11 13:20:50"
"2007 CT26","2007-03-09 11:47:32"
"2007 DZ40","2007-03-04 11:27:41"
"2007 DA41","2007-03-03 10:54:00"
"2007 DS84","2007-03-02 12:57:49"
"2007 DK49","2007-03-02 12:38:04"
"2007 DN41","2007-02-27 13:09:59"
"2007 DM41","2007-02-26 15:02:15"
"2007 DY40","2007-02-26 14:28:54"
"2007 DL8","2007-02-26 13:03:07"
"2007 CN26","2007-02-24 12:39:31"
"2007 CA19","2007-02-22 12:39:59"
"2007 DK","2007-02-19 19:19:00"
"2007 DD","2007-02-19 14:35:11"
"2007 DJ","2007-02-18 12:59:17"
"2007 CZ49","2007-02-18 01:36:15"
"2007 CK15","2007-02-15 12:31:08"
"2007 CS26","2007-02-14 12:14:22"
"2007 CQ5","2007-02-11 10:36:08"
"2006 XG1","2007-02-07 11:29:54"
"2007 AB12","2007-02-06 11:15:55"
"2007 BJ29","2007-02-01 11:36:55"
"2007 BG49","2007-01-30 10:48:59"
"2007 AE12","2007-01-26 10:53:30"
"2006 YC13","2007-01-17 12:50:55"
"2007 AS2","2007-01-14 11:24:57"
"2007 AG2","2007-01-12 15:32:01"
"2007 AA2","2007-01-12 12:33:08"
"2007 AC2","2007-01-12 11:07:13"
"2007 AG","2007-01-11 12:24:40"
"2006 YT13","2007-01-09 12:59:10"
"2006 YP44","2006-12-31 11:19:10"
"2006 YD","2006-12-28 12:54:03"
"2006 YR2","2006-12-26 13:05:21"
"2006 XX4","2006-12-20 12:14:56"
"2006 XA3","2006-12-16 12:34:35"
"2006 WB","2006-12-15 00:15:58"
"2006 XD2","2006-12-14 14:38:54"
"2006 XE2","2006-12-14 12:50:16"
"2006 XA","2006-12-14 11:24:45"
"2006 XH1","2006-12-13 11:54:37"
"2006 XB","2006-12-09 13:48:11"
"2006 WP127","2006-12-09 13:42:15"
"2006 WQ29","2006-12-02 16:42:49"
"2006 WZ2","2006-12-02 15:40:44"
"2006 WF129","2006-11-30 13:53:03"
"2006 WO127","2006-11-29 13:02:52"
"2006 WX1","2006-11-28 18:00:55"
"2006 BZ147","2006-11-28 13:48:31"
"2006 WS1","2006-11-27 12:08:07"
"2006 WN3","2006-11-25 11:58:26"
"2006 WY3","2006-11-25 11:02:01"
"2006 WZ3","2006-11-24 13:47:48"
"2006 WV3","2006-11-23 17:03:25"
"2006 SU49","2006-11-23 16:47:46"
"2006 VT13","2006-11-23 15:45:42"
"2006 WU","2006-11-23 14:22:23"
"2006 WX","2006-11-21 13:49:20"
"2006 VV2","2006-11-19 14:31:50"
"2006 VD13","2006-11-16 13:28:41"
"2006 VA","2006-11-11 13:44:05"
"2006 VC","2006-11-05 10:54:21"
"2006 UO","2006-11-04 11:13:15"
"2006 UD17","2006-10-29 13:31:48"
"2006 UC63","2006-10-28 13:08:26"
"2006 UE17","2006-10-25 12:06:04"
"2006 UF17","2006-10-25 10:12:24"
"2006 UT17","2006-10-22 14:08:17"
"2006 UK","2006-10-22 14:00:19"
"2006 UQ17","2006-10-22 12:34:20"
"2006 UR","2006-10-20 13:18:56"
"2006 TA8","2006-10-15 10:48:36"
"2006 TO","2006-10-14 12:50:42"
"2006 SX217","2006-10-12 14:08:52"
"2006 TK","2006-10-12 12:47:43"
"2006 SK198","2006-10-12 11:28:06"
"2006 TC1","2006-10-10 10:57:50"
"2006 SJ198","2006-10-04 01:01:22"
"2006 SP134","2006-10-03 11:17:41"
"2006 SO198","2006-10-02 12:04:46"
"2006 SU131","2006-10-01 12:51:58"
"2006 SL198","2006-10-01 11:30:27"
"2006 SV134","2006-10-01 11:27:33"
"2006 SR134","2006-10-01 10:06:11"
"2006 SK134","2006-09-28 13:51:15"
"2006 SR78","2006-09-28 13:25:27"
"2006 SV19","2006-09-28 12:05:23"
"2006 RJ1","2006-09-26 14:46:06"
"2006 SU19","2006-09-25 10:25:30"
"2006 SK61","2006-09-23 13:06:31"
"2006 RO36","2006-09-23 11:36:57"
"2006 SD25","2006-09-22 12:02:26"
"2006 SH7","2006-09-22 12:01:41"
"2006 RZ","2006-09-15 09:53:05"
"2006 QW89","2006-09-13 10:03:35"
"2006 QY110","2006-09-06 09:59:38"
"2006 QZ57","2006-09-01 12:34:05"
"2006 QB58","2006-08-30 10:12:34"
"2006 PA1","2006-08-17 09:50:00"
"2006 OT9","2006-07-29 12:45:08"
"2006 OS9","2006-07-29 10:33:58"
"2006 OK3","2006-07-23 07:13:12"
"2005 WY55","2006-07-01 09:39:39"
"2006 MS6","2006-06-25 09:30:49"
"2006 MJ10","2006-06-24 11:11:15"
"2006 JF42","2006-06-19 14:16:01"
"2006 KV86","2006-06-19 11:51:39"
"2006 LK","2006-06-19 10:27:21"
"2006 LD1","2006-06-12 06:28:17"
"2006 KM103","2006-06-06 09:47:26"
"2006 KK21","2006-06-05 09:38:37"
"2006 KY67","2006-05-30 10:21:26"
"2006 KD40","2006-05-28 12:42:22"
"2006 KP21","2006-05-26 11:37:39"
"2006 KQ21","2006-05-26 10:16:30"
"2006 KL21","2006-05-25 10:50:10"
"2006 KT1","2006-05-24 11:42:58"
"2006 KQ1","2006-05-24 10:28:35"
"2006 HT30","2006-05-21 11:53:26"
"2006 KA","2006-05-21 10:32:42"
"2006 JZ25","2006-05-10 10:07:07"
"2006 HQ30","2006-05-07 10:10:38"
"2006 HZ51","2006-05-03 12:51:50"
"2006 HW57","2006-05-02 11:48:00"
"2006 HW5","2006-04-26 09:36:19"
"2006 HD2","2006-04-22 11:53:37"
"2006 HB","2006-04-21 10:08:31"
"2006 GY2","2006-04-17 09:53:38"
"2006 GC1","2006-04-09 09:50:13"
"2006 GA1","2006-04-08 13:20:18"
"2006 GZ","2006-04-08 13:04:23"
"2006 FL10","2006-03-31 10:31:24"
"2006 FW","2006-03-30 10:45:32"
"2006 EY52","2006-03-24 11:17:11"
"2006 EV52","2006-03-20 11:31:56"
"2006 EB","2006-03-09 19:03:10"
"2006 CS","2006-03-09 12:54:49"
"2006 EE1","2006-03-07 13:21:05"
"2006 DT63","2006-03-04 14:47:19"
"2005 TU45","2006-03-02 14:50:30"
"2006 DP62","2006-03-02 12:07:27"
"2006 DL","2006-03-01 12:19:59"
"2006 DV","2006-02-25 15:54:10"
"1997 XR2","2006-02-24 19:12:25"
"2006 CU10","2006-02-23 15:07:56"
"2006 DD1","2006-02-23 13:43:00"
"2006 CT","2006-02-22 12:08:03"
"2006 CY10","2006-02-19 13:32:37"
"2006 CN10","2006-02-16 13:22:30"
"2006 CT10","2006-02-14 12:05:07"
"2006 CF","2006-02-09 13:16:22"
"2006 CG","2006-02-06 15:04:02"
"2006 CY","2006-02-06 13:45:26"
"2006 CU","2006-02-06 13:19:22"
"2006 AL8","2006-02-05 15:29:33"
"2006 BC10","2006-02-04 14:33:26"
"2006 BG55","2006-02-01 13:46:10"
"2006 BO55","2006-01-30 18:11:38"
"2006 BV39","2006-01-29 19:25:09"
"2006 BQ6","2006-01-29 14:53:18"
"2006 AR3","2006-01-29 13:27:27"
"2006 BY7","2006-01-26 21:27:07"
"2006 BY8","2006-01-26 14:54:48"
"2006 BZ7","2006-01-25 18:16:15"
"2006 BT7","2006-01-25 13:45:51"
"2006 AO4","2006-01-21 14:03:59"
"2006 AM4","2006-01-18 15:27:48"
"2006 AQ","2006-01-18 01:58:36"
"2005 YW93","2006-01-14 13:36:45"
"2006 AD","2006-01-11 14:41:56"
"2006 AL4","2006-01-11 13:02:57"
"2006 AS2","2006-01-10 13:40:22"
"2005 YL128","2006-01-10 09:27:49"
"2005 YU3","2006-01-06 21:43:03"
"2005 YA37","2006-01-03 13:10:08"
"2005 XF5","2005-12-11 11:14:35"
"2005 XY4","2005-12-08 14:44:55"
"2005 XN4","2005-12-08 13:46:42"
"2005 WK4","2005-12-07 12:39:16"
"2005 WJ56","2005-12-04 12:10:55"
"2005 VC","2005-11-21 11:19:35"
"2005 VT2","2005-11-19 11:57:57"
"2005 VD7","2005-11-17 11:00:44"
"2005 UJ159","2005-11-13 11:08:47"
"2005 VN","2005-11-09 12:27:10"
"2005 UK5","2005-11-08 13:14:37"
"2005 UK1","2005-11-07 10:51:58"
"2005 UW64","2005-11-06 14:09:46"
"2005 UP156","2005-11-06 12:50:57"
"2005 UW6","2005-11-05 10:48:55"
"2005 UT64","2005-11-04 12:43:30"
"2005 UY5","2005-11-04 11:12:50"
"2005 UH6","2005-11-03 13:38:51"
"2005 UY6","2005-11-03 13:11:53"
"2005 UO5","2005-11-02 14:36:27"
"2005 UG5","2005-10-30 16:51:28"
"2005 UA6","2005-10-30 11:05:47"
"2005 UH1","2005-10-27 20:10:07"
"2005 TS15","2005-10-21 19:15:34"
"2005 TF49","2005-10-14 14:10:21"
"2005 SE71","2005-10-13 10:19:13"
"2005 TR15","2005-10-12 11:08:21"
"2005 TP","2005-10-11 14:00:05"
"2005 TB15","2005-10-08 15:24:00"
"2005 SQ","2005-10-08 10:46:48"
"2005 TE15","2005-10-07 12:38:24"
"2005 TB","2005-10-05 11:56:38"
"2005 RR6","2005-09-24 10:28:23"
"2005 RD34","2005-09-18 09:59:24"
"2005 RQ6","2005-09-13 09:59:48"
"2005 QG88","2005-09-03 10:21:31"
"2005 QE30","2005-09-01 10:37:02"
"2005 QA5","2005-08-28 09:57:59"
"2005 PO","2005-08-08 10:28:13"
"2005 NZ6","2005-08-07 10:03:07"
"2005 OJ3","2005-08-04 10:29:58"
"2005 OU2","2005-08-02 11:28:53"
"2005 NB7","2005-07-28 10:23:54"
"2005 NX39","2005-07-13 10:05:49"
"2005 NJ1","2005-07-09 13:49:37"
"2005 NE7","2005-07-09 12:22:01"
"2005 NG","2005-07-09 10:35:44"
"2005 MM13","2005-07-02 09:50:59"
"2005 JP81","2005-06-26 10:06:49"
"2005 MC","2005-06-23 10:13:38"
"2005 LW39","2005-06-16 09:43:32"
"2005 LW3","2005-06-10 10:03:47"
"2005 LV7","2005-06-09 10:32:14"
"P/2005 JQ5","2005-06-07 23:03:00"
"2005 JE46","2005-05-21 09:36:00"
"2005 JU108","2005-05-17 11:14:17"
"2005 JS108","2005-05-16 11:51:02"
"2005 JQ81","2005-05-14 09:52:55"
"2005 JO3","2005-05-11 10:09:02"
"2005 HC4","2005-05-03 10:24:04"
"2005 GY8","2005-05-02 10:27:36"
"2005 GF81","2005-04-28 10:02:44"
"2005 GC120","2005-04-20 12:02:00"
"2005 GN59","2005-04-20 10:18:28"
"2005 GK141","2005-04-20 09:57:02"
"2005 GE59","2005-04-18 11:36:54"
"2005 GP21","2005-04-11 11:15:47"
"2005 GG","2005-04-09 10:27:02"
"2005 EU2","2005-04-06 21:33:14"
"2005 GJ8","2005-04-05 11:55:45"
"2005 EW169","2005-04-05 10:27:11"
"2005 GU","2005-04-04 12:33:05"
"2005 GK","2005-04-03 14:11:02"
"2005 GJ","2005-04-03 13:43:05"
"2005 GL","2005-04-03 12:43:39"
"2005 EG94","2005-04-02 10:55:20"
"2005 EJ225","2005-04-01 11:27:07"
"2005 FC3","2005-04-01 10:55:22"
"2005 FE3","2005-03-26 10:53:02"
"2005 FH","2005-03-24 10:54:40"
"2005 EE169","2005-03-18 11:12:09"
"2005 FF","2005-03-17 23:41:54"
"2004 XP14","2005-03-17 13:29:29"
"2005 EO70","2005-03-13 13:32:42"
"2005 EK70","2005-03-13 12:54:54"
"2005 EK94","2005-03-13 12:09:35"
"2005 EA94","2005-03-13 11:25:36"
"2005 EJ94","2005-03-12 11:02:19"
"2005 EM30","2005-03-10 10:53:53"
"2005 ET2","2005-03-09 11:24:48"
"2005 ES1","2005-03-05 11:30:21"
"2005 CZ36","2005-03-04 01:58:38"
"2005 CF41","2005-02-15 11:30:27"
"2005 CW25","2005-02-12 12:23:37"
"2005 BX26","2005-02-10 12:33:36"
"2005 CM","2005-02-05 12:42:21"
"2005 BE2","2005-01-30 11:49:49"
"2005 BC","2005-01-23 13:23:14"
"2005 AH14","2005-01-17 12:03:25"
"2004 XD50","2005-01-15 13:10:38"
"2004 YZ23","2004-12-24 11:08:43"
"2004 XN14","2004-12-23 12:35:25"
"2004 XN50","2004-12-16 13:17:03"
"2004 XO","2004-12-04 12:59:36"
"2004 WG1","2004-12-01 11:28:10"
"2004 VT60","2004-11-14 10:46:40"
"2004 VW14","2004-11-09 12:41:00"
"2004 VC17","2004-11-09 11:14:32"
"2004 VC","2004-11-07 11:24:00"
"2004 UV1","2004-10-29 10:27:34"
"2004 TD18","2004-10-23 10:17:02"
"2004 UE","2004-10-22 11:14:04"
"2004 TN1","2004-10-18 09:46:57"
"2004 TL10","2004-10-13 11:07:27"
"2004 TF10","2004-10-11 12:33:05"
"2004 TN","2004-10-09 11:05:43"
"2004 TP1","2004-10-07 12:02:47"
"2004 RQ252","2004-10-03 10:25:29"
"2004 SW55","2004-09-28 11:28:16"
"2004 RW164","2004-09-18 11:11:16"
"2004 RV164","2004-09-15 11:08:00"
"2004 RF84","2004-09-14 10:05:33"
"2004 RJ9","2004-09-13 11:46:07"
"2004 RJ84","2004-09-12 09:52:54"
"2004 BG121","2004-09-10 06:20:03"
"2004 QB17","2004-09-03 09:49:13"
"2004 QA22","2004-08-31 11:59:53"
"2004 QD14","2004-08-29 12:22:20"
"2004 QZ2","2004-08-29 12:08:01"
"2004 QJ7","2004-08-27 11:25:57"
"2004 QF14","2004-08-27 10:28:53"
"2004 PP97","2004-08-26 19:21:39"
"2004 QY2","2004-08-25 11:52:32"
"2004 QA2","2004-08-24 11:43:38"
"2004 QQ","2004-08-18 21:09:10"
"2004 MO7","2004-08-06 09:49:16"
"2004 OT11","2004-08-04 09:44:23"
"2004 NL8","2004-07-28 09:58:35"
"2004 MP7","2004-07-19 20:23:54"
"2004 MX2","2004-06-28 09:49:14"
"2004 MS1","2004-06-26 10:35:12"
"2004 LV3","2004-06-20 10:11:56"
"2004 LB6","2004-06-15 10:25:11"
"2004 LB","2004-06-12 09:51:58"
"2004 KE17","2004-06-02 10:02:45"
"2004 JA27","2004-05-23 10:03:07"
"1998 WD31","2004-05-20 22:21:22"
"2004 KB","2004-05-20 10:13:48"
"2004 JQ1","2004-05-15 10:52:15"
"2004 JO2","2004-05-15 10:16:11"
"2004 JR","2004-05-12 10:02:24"
"2004 HE62","2004-05-03 19:56:58"
"2004 HK33","2004-05-03 18:53:04"
"2004 HW","2004-05-03 11:45:08"
"2004 GA1","2004-05-02 12:07:08"
"2004 HD2","2004-04-28 22:11:51"
"2004 HE12","2004-04-27 11:19:03"
"2004 HF12","2004-04-25 12:24:18"
"2004 HK12","2004-04-23 14:00:59"
"2004 GU9","2004-04-16 15:32:38"
"2004 GB2","2004-04-15 10:43:09"
"2004 FU4","2004-04-13 09:52:31"
"2004 FE31","2004-04-11 13:10:49"
"2004 GA","2004-04-09 10:25:57"
"2004 FY31","2004-04-03 10:51:05"
"2004 EW9","2004-03-17 12:30:24"
"2004 DC","2004-03-06 22:48:11"
"2004 DV24","2004-03-05 02:48:16"
"2004 DM44","2004-03-02 03:23:08"
"2004 CK39","2004-02-18 11:50:00"
"2004 CB","2004-02-15 11:43:22"
"2004 BZ74","2004-02-07 15:42:51"
"2004 BB103","2004-02-07 13:59:12"
"2004 BE68","2004-02-06 19:06:49"
"2004 BG86","2004-02-04 13:55:43"
"2003 YG118","2004-02-03 19:10:51"
"2004 BL86","2004-02-01 14:22:04"
"2004 BA75","2004-01-31 13:01:36"
"2004 BW58","2004-01-30 05:43:23"
"2004 BO41","2004-01-29 18:15:09"
"2004 BV1","2004-01-29 14:14:14"
"2004 BG41","2004-01-25 11:35:40"
"2004 BJ11","2004-01-24 03:26:12"
"2004 BY1","2004-01-20 12:40:07"
"2004 AF","2004-01-09 11:09:17"
"2003 YD45","2004-01-09 02:29:29"
"2003 YH136","2004-01-07 11:28:08"
"2003 YK118","2004-01-04 11:26:27"
"2003 YE45","2004-01-01 23:15:13"
"2003 YT1","2003-12-29 11:19:07"
"2003 XB22","2003-12-27 11:00:21"
"2003 XM","2003-12-23 11:10:56"
"2003 YP1","2003-12-20 13:03:42"
"2003 WY153","2003-12-18 11:02:30"
"2003 WW26","2003-12-15 11:21:19"
"2003 WG","2003-12-09 11:49:49"
"2003 XL","2003-12-08 11:04:54"
"2003 WY25","2003-11-24 11:15:36"
"2003 UX34","2003-11-12 11:30:52"
"2003 UO12","2003-11-12 02:34:07"
"2003 TH2","2003-11-06 04:15:49"
"2003 UX26","2003-11-01 13:09:45"
"2003 UB10","2003-10-24 12:21:21"
"2003 UL9","2003-10-24 10:53:54"
"2003 QO104","2003-10-13 09:54:21"
"2003 SA224","2003-10-11 10:13:10"
"2003 RW11","2003-10-02 10:04:29"
"2003 SY17","2003-09-28 10:04:00"
"2003 SD170","2003-09-27 11:44:20"
"2003 RM10","2003-09-26 10:38:56"
"2003 SS84","2003-09-23 13:12:36"
"2003 RN10","2003-09-21 12:47:45"
"2003 QQ47","2003-09-14 13:47:13"
"2003 RS1","2003-09-08 21:17:36"
"2003 RX7","2003-09-08 15:06:25"
"2003 RD6","2003-09-08 12:49:33"
"2003 QR79","2003-08-30 13:38:31"
"2003 QA31","2003-08-27 11:14:46"
"2003 QY29","2003-08-26 13:48:20"
"2003 QC10","2003-08-26 11:40:51"
"2003 MK4","2003-08-05 11:13:33"
"2003 OC3","2003-08-03 10:36:35"
"2003 MH4","2003-07-29 10:35:54"
"2003 NW1","2003-07-27 11:10:18"
"2003 MT9","2003-07-08 13:16:20"
"2003 EP4","2003-06-29 04:36:26"
"2003 KO2","2003-06-19 12:53:21"
"P/2003 KV2","2003-06-03 17:58:36"
"2003 KN18","2003-06-02 10:44:54"
"2003 KU2","2003-05-30 13:00:56"
"2003 EE16","2003-05-28 18:29:06"
"1994 UG","2003-04-25 11:07:03"
"2002 PN","2003-04-17 10:40:57"
"2003 EG16","2003-03-29 12:00:51"
"2003 FH","2003-03-26 12:17:54"
"2003 DZ15","2003-03-24 12:40:45"
"2003 CR20","2003-03-07 12:05:01"
"2003 BK47","2003-03-03 14:43:22"
"2002 XY38","2003-02-19 15:05:57"
"2003 CG11","2003-02-14 12:03:13"
"2003 CN17","2003-02-12 11:23:26"
"2003 BD44","2003-02-08 14:32:25"
"2003 BQ35","2003-02-04 12:26:29"
"2003 BB21","2003-02-02 12:04:58"
"2003 AK73","2003-01-18 12:32:37"
"2003 AD23","2003-01-13 12:33:52"
"2003 AJ69","2003-01-13 12:06:11"
"2003 AC23","2003-01-11 11:40:54"
"2002 YP2","2003-01-08 11:53:58"
"2003 AY2","2003-01-06 12:05:59"
"2002 XO14","2002-12-19 11:44:40"
"2002 XR14","2002-12-11 11:46:39"
"2002 VY91","2002-12-09 13:15:20"
"2002 XA","2002-12-03 13:35:49"
"2002 VU94","2002-11-27 20:12:28"
"2002 VY94","2002-11-24 14:47:24"
"2002 VX94","2002-11-19 14:15:55"
"2002 VX91","2002-11-17 13:03:40"
"2002 RW25","2002-10-16 13:51:21"
"2002 TB70","2002-10-14 13:10:20"
"2002 TW55","2002-10-11 13:35:21"
"2002 TA67","2002-10-11 13:25:49"
"2002 TD66","2002-10-10 10:59:05"
"2002 TZ59","2002-10-09 11:10:01"
"2002 TB9","2002-10-08 10:41:01"
"2002 TC9","2002-10-05 12:51:41"
"2002 SQ41","2002-10-03 11:06:52"
"2002 QW47","2002-10-01 10:43:30"
"2002 SM","2002-09-30 11:21:38"
"2002 QF15","2002-09-22 11:30:09"
"2002 RA126","2002-09-14 10:28:50"
"2002 RZ125","2002-09-13 10:41:03"
"2002 RS28","2002-09-10 12:44:57"
"2002 QC7","2002-08-30 11:10:42"
"2002 PE130","2002-08-27 23:26:49"
"2002 PD43","2002-08-22 11:16:39"
"2002 PZ39","2002-08-13 11:36:17"
"1998 OX4","2002-08-08 21:42:34"
"2002 PR1","2002-08-08 11:21:33"
"2002 PB","2002-08-07 11:43:04"
"2002 OA22","2002-08-02 11:12:30"
"2002 NT7","2002-08-01 15:59:26"
"2002 NY40","2002-07-31 11:41:51"
"2002 NP1","2002-07-13 11:10:47"
"2002 MT3","2002-07-13 10:52:42"
"2002 MX","2002-07-08 11:21:57"
"2002 LY45","2002-07-06 11:37:17"
"2002 LV","2002-06-19 06:19:23"
"2002 LX","2002-06-06 10:10:19"
"2002 JN97","2002-05-31 15:13:23"
"2002 JQ97","2002-05-18 15:00:21"
"2002 GZ8","2002-05-11 02:30:49"
"2002 JE9","2002-05-10 21:14:12"
"2002 EY2","2002-05-06 14:57:04"
"2002 HK12","2002-05-03 15:28:04"
"2002 HW","2002-05-02 23:45:20"
"2002 CU11","2002-04-26 20:59:03"
"2002 EZ11","2002-04-18 00:42:44"
"2002 GO5","2002-04-16 21:24:21"
"2002 GM2","2002-04-14 14:21:28"
"2002 GT","2002-04-11 09:46:28"
"2002 EX12","2002-04-03 19:16:21"
"2002 FU5","2002-04-01 15:53:31"
"2002 FB3","2002-03-30 21:17:46"
"2002 FC","2002-03-29 03:06:57"
"2002 EL6","2002-03-20 09:40:06"
"2002 CB26","2002-02-16 15:52:08"
"2002 CQ11","2002-02-13 23:51:28"
"2002 AP3","2002-02-12 17:14:00"
"2002 CW11","2002-02-12 12:10:59"
"2002 AM31","2002-02-11 23:19:41"
"2002 CY9","2002-02-11 00:27:11"
"2002 BJ2","2002-02-08 23:30:44"
"2002 AC29","2002-02-04 15:53:19"
"2002 AJ129","2002-02-03 18:54:26"
"2001 WN5","2002-01-30 23:07:25"
"2002 AC","2002-01-21 23:26:25"
"2002 AZ1","2002-01-21 18:33:50"
"2002 AL14","2002-01-17 04:12:50"
"2002 AW","2002-01-15 22:51:46"